OGLE-GD-DSCT-0001,singlemode,158.731215,-62.835306,18.147,19.22,1.073,0.05675773,-99.99
OGLE-GD-DSCT-0002,singlemode,159.04209,-63.310389,19.137,20.164,1.027,0.06674178,-99.99
OGLE-GD-DSCT-0003,singlemode,159.08991,-62.554083,18.457,19.518,1.061,0.07516974,-99.99
OGLE-GD-DSCT-0004,singlemode,159.721005,-61.997389,15.858,16.648,0.79,0.08815066,-99.99
OGLE-GD-DSCT-0005,singlemode,159.95466,-62.480889,20.197,21.575,1.378,0.07307959,-99.99
OGLE-GD-DSCT-0006,singlemode,159.95913,-62.614889,19.472,21.139,1.667,0.07567178,-99.99
OGLE-GD-DSCT-0007,multimode,160.28463,-61.704694,14.112,14.824,0.712,0.11941217,0.09222524
OGLE-GD-DSCT-0008,multimode,160.449495,-61.665472,13.325,14.01,0.685,0.1980409,0.15151641
OGLE-GD-DSCT-0009,singlemode,160.509,-61.892972,13.209,13.71,0.501,0.10166616,-99.99
OGLE-GD-DSCT-0010,multimode,160.678335,-61.68325,18.227,19.463,1.236,0.11594104,0.08934143
OGLE-GD-DSCT-0011,singlemode,160.69029,-61.593639,13.934,14.532,0.598,0.11309435,-99.99
OGLE-GD-DSCT-0012,multimode,160.715085,-61.589278,13.666,14.309,0.643,0.16748029,0.1315337
OGLE-GD-DSCT-0013,singlemode,160.84512,-61.836667,19.365,-99.99,-99.99,0.08339999,-99.99
OGLE-GD-DSCT-0014,singlemode,160.934625,-61.511444,18.955,20.34,1.385,0.07185504,-99.99
OGLE-GD-DSCT-0015,singlemode,161.083665,-61.730694,17.871,19.097,1.226,0.09904944,-99.99
OGLE-GD-DSCT-0016,multimode,161.61396,-60.733694,16.296,17.144,0.848,0.06742954,0.05223318
OGLE-GD-DSCT-0017,singlemode,161.69688,-61.297333,19.413,-99.99,-99.99,0.08031994,-99.99
OGLE-GD-DSCT-0018,multimode,162.095955,-61.63025,14.52,15.218,0.698,0.13152668,0.08140095
OGLE-GD-DSCT-0019,singlemode,162.163215,-60.854639,18.775,20.598,1.823,0.08231662,-99.99
OGLE-GD-DSCT-0020,multimode,162.23925,-61.6095,13.967,14.79,0.823,0.16404296,0.21544185
OGLE-GD-DSCT-0021,multimode,162.275505,-60.711944,16.863,18.076,1.213,0.09766865,0.07692115
OGLE-GD-DSCT-0022,singlemode,162.493335,-61.879278,16.521,17.566,1.045,0.11056152,-99.99
OGLE-GD-DSCT-0023,singlemode,162.570705,-61.483917,18.388,19.701,1.313,0.08260415,-99.99
OGLE-GD-DSCT-0024,singlemode,162.72933,-61.744028,14.766,15.541,0.775,0.0814068,-99.99
OGLE-GD-DSCT-0025,singlemode,163.323915,-61.246583,13.233,14.037,0.804,0.1740639,-99.99
OGLE-GD-DSCT-0026,singlemode,163.896255,-60.562806,16.063,17.627,1.564,0.19460781,-99.99
OGLE-GD-DSCT-0027,multimode,164.094705,-61.557778,16.159,17.008,0.849,0.11763714,0.09066536
OGLE-GD-DSCT-0028,multimode,164.10525,-61.827222,15.659,16.328,0.669,0.06892807,0.05338125
OGLE-GD-DSCT-0029,multimode,164.18592,-61.406583,16.666,17.568,0.902,0.061428,0.06049736
OGLE-GD-DSCT-0030,multimode,164.219625,-60.693361,16.566,18.207,1.641,0.1266101,0.09754367
OGLE-GD-DSCT-0031,singlemode,164.47308,-61.900472,18.743,20.802,2.059,0.116757,-99.99
OGLE-GD-DSCT-0032,multimode,164.60988,-61.245,16.778,17.819,1.041,0.08271131,0.06464392
OGLE-GD-DSCT-0033,multimode,164.83758,-60.800222,15.947,16.817,0.87,0.06330741,0.04894415
OGLE-GD-DSCT-0034,multimode,165.442545,-61.827278,17.248,18.498,1.25,0.04992883,0.06369671
OGLE-GD-DSCT-0035,singlemode,165.583335,-61.649778,14.779,16.578,1.799,0.1014828,-99.99
OGLE-GD-DSCT-0036,singlemode,166.290585,-62.086611,18.126,19.823,1.697,0.08264494,-99.99
OGLE-GD-DSCT-0037,multimode,167.34588,-60.855778,15.959,17.877,1.918,0.23459666,0.17878329
OGLE-GD-DSCT-0038,singlemode,172.69509,-61.110111,17.364,19.13,1.766,0.10101596,-99.99
OGLE-GD-DSCT-0039,singlemode,172.85484,-60.863139,18.365,19.908,1.543,0.08201359,-99.99
OGLE-GD-DSCT-0040,multimode,173.04234,-60.712389,18.559,19.936,1.377,0.0958076,0.07406134
OGLE-GD-DSCT-0041,singlemode,173.091705,-60.588111,16.31,17.569,1.259,0.17083982,-99.99
OGLE-GD-DSCT-0042,singlemode,178.033545,-62.243417,15.379,16.459,1.08,0.13402378,-99.99
OGLE-GD-DSCT-0043,singlemode,178.84821,-61.956528,18.308,20.487,2.179,0.13318998,-99.99
OGLE-GD-DSCT-0044,multimode,198.993795,-64.623806,14.825,15.987,1.162,0.15638524,0.12482806
OGLE-GD-DSCT-0045,multimode,199.002,-64.974472,15.05,16.158,1.108,0.11781269,0.09104656
OGLE-GD-DSCT-0046,singlemode,200.56854,-65.197083,19.329,20.784,1.455,0.08921315,-99.99
OGLE-GD-DSCT-0047,singlemode,200.968785,-65.267306,19.262,20.84,1.578,0.10398331,-99.99
OGLE-GD-DSCT-0048,multimode,201.061995,-65.151083,16.321,17.213,0.892,0.10740154,0.08293447
OGLE-GD-DSCT-0050,singlemode,201.23487,-64.840139,19.507,21.3,1.793,0.08820131,-99.99
OGLE-GD-DSCT-0051,singlemode,201.570705,-64.943833,18.318,19.335,1.017,0.07421695,-99.99
OGLE-GD-DSCT-0052,singlemode,201.727035,-64.827333,15.113,16.16,1.047,0.15066459,-99.99
OGLE-GD-DSCT-0053,singlemode,202.777335,-64.066056,16.5,17.871,1.371,0.11445133,-99.99
OGLE-GD-DSCT-0054,multimode,202.899915,-64.159917,17.194,18.596,1.402,0.10993738,0.08538744
OGLE-GD-DSCT-0055,singlemode,203.182755,-64.242722,16.577,17.573,0.996,0.08397895,-99.99
OGLE-GD-DSCT-0057,singlemode,203.816505,-64.443222,15.056,15.99,0.934,0.12813888,-99.99
OGLE-GD-DSCT-0059,multimode,159.103335,-63.150917,15.9,16.689,0.789,0.12655899,0.12294179
OGLE-GD-DSCT-0060,singlemode,159.11283,-62.585583,15.048,16.041,0.993,0.1192126,-99.99
OGLE-GD-DSCT-0061,multimode,159.430455,-62.780806,14.54,15.217,0.677,0.05203801,0.05381609
OGLE-GD-DSCT-0062,multimode,159.714795,-62.080417,13.586,14.276,0.69,0.1854774,0.18471281
OGLE-GD-DSCT-0063,multimode,159.75396,-63.184444,14.269,15.102,0.833,0.16704644,0.15951962
OGLE-GD-DSCT-0064,multimode,160.131285,-61.666111,13.906,14.656,0.75,0.10539736,0.11644918
OGLE-GD-DSCT-0065,multimode,172.89966,-60.795861,14.142,14.925,0.783,0.13507031,0.14039034
OGLE-GD-DSCT-0066,multimode,173.36721,-60.895583,14.801,15.8,0.999,0.13396645,0.13842565
OGLE-GD-DSCT-0067,multimode,178.913415,-62.086556,14.095,14.874,0.779,0.11604143,0.06244649
OGLE-GD-DSCT-0068,multimode,179.05392,-61.79575,13.956,14.971,1.015,0.10428609,0.10745033
OGLE-GD-DSCT-0069,multimode,202.883745,-64.112889,15.053,16.288,1.235,0.08542011,0.21380354
OGLE-GD-DSCT-0070,singlemode,203.68221,-64.046694,15.132,16.277,1.145,0.12975255,-99.99
OGLE-GD-DSCT-0071,multimode,201.56859,-64.927778,15.553,16.692,1.139,0.1461025,0.11689411
OGLE-GD-DSCT-0072,singlemode,85.11609,17.690083,13.311,13.932,0.621,0.05059416,-99.99
OGLE-GD-DSCT-0073,singlemode,85.34496,17.375528,14.886,15.632,0.746,0.05155209,-99.99
OGLE-GD-DSCT-0074,singlemode,85.474455,17.747444,15.989,16.763,0.774,0.0781398,-99.99
OGLE-GD-DSCT-0075,singlemode,85.917,17.196389,15.758,16.674,0.916,0.07786313,-99.99
OGLE-GD-DSCT-0076,singlemode,86.602005,16.494417,15.43,16.166,0.736,0.12435512,-99.99
OGLE-GD-DSCT-0077,singlemode,86.69112,18.068306,16.634,17.522,0.888,0.07011672,-99.99
OGLE-GD-DSCT-0078,multimode,86.73,15.985611,15.765,16.552,0.787,0.08503635,0.0659124
OGLE-GD-DSCT-0079,singlemode,86.739,15.565639,15.388,16.15,0.762,0.07301463,-99.99
OGLE-GD-DSCT-0080,singlemode,86.940045,16.641556,16.037,16.791,0.754,0.07891854,-99.99
OGLE-GD-DSCT-0081,singlemode,86.992965,16.295222,16.047,16.844,0.797,0.10116386,-99.99
OGLE-GD-DSCT-0082,singlemode,87.05892,18.209917,15.201,16.063,0.862,0.07480784,-99.99
OGLE-GD-DSCT-0083,singlemode,87.164745,15.529444,17.869,18.716,0.847,0.06758548,-99.99
OGLE-GD-DSCT-0084,singlemode,87.23241,18.13525,16.595,17.461,0.866,0.07445955,-99.99
OGLE-GD-DSCT-0085,singlemode,87.449085,16.483056,16.138,16.832,0.694,0.09499342,-99.99
OGLE-GD-DSCT-0086,singlemode,87.50004,17.164944,15.306,16.055,0.749,0.07626717,-99.99
OGLE-GD-DSCT-0087,singlemode,87.53337,16.953806,15.093,15.789,0.696,0.08514691,-99.99
OGLE-GD-DSCT-0088,multimode,87.58416,17.698361,14.602,15.38,0.778,0.11091456,0.11224565
OGLE-GD-DSCT-0089,singlemode,87.633795,14.302972,16.445,17.48,1.035,0.16619089,-99.99
OGLE-GD-DSCT-0090,singlemode,87.64941,17.802028,15.098,15.822,0.724,0.07782023,-99.99
OGLE-GD-DSCT-0091,singlemode,87.70566,15.377083,15.562,16.198,0.636,0.08474491,-99.99
OGLE-GD-DSCT-0092,singlemode,87.71166,15.537806,13.542,14.22,0.678,0.08448489,-99.99
OGLE-GD-DSCT-0093,singlemode,87.827715,17.684361,14.084,14.754,0.67,0.10089323,-99.99
OGLE-GD-DSCT-0094,singlemode,87.870585,18.819667,17.155,18.267,1.112,0.0535939,-99.99
OGLE-GD-DSCT-0095,multimode,87.89754,16.847556,14.138,14.803,0.665,0.12139207,0.12237393
OGLE-GD-DSCT-0096,singlemode,87.91062,14.210639,17.814,18.59,0.776,0.06270226,-99.99
OGLE-GD-DSCT-0097,singlemode,88.08291,17.30475,17.282,18.196,0.914,0.08112426,-99.99
OGLE-GD-DSCT-0098,singlemode,88.19604,13.527,16.227,16.882,0.655,0.12204339,-99.99
OGLE-GD-DSCT-0099,singlemode,88.461585,13.689389,15.785,16.458,0.673,0.09806415,-99.99
OGLE-GD-DSCT-0100,singlemode,88.480965,11.014194,16.927,17.917,0.99,0.10005087,-99.99
OGLE-GD-DSCT-0101,singlemode,88.61913,13.322028,17.089,17.745,0.656,0.06604729,-99.99
OGLE-GD-DSCT-0102,singlemode,88.68387,19.195583,14.128,15.27,1.142,0.11666609,-99.99
OGLE-GD-DSCT-0103,singlemode,88.70409,14.804528,17.824,18.573,0.749,0.06437711,-99.99
OGLE-GD-DSCT-0104,singlemode,88.752585,16.470083,17.459,18.176,0.717,0.08142778,-99.99
OGLE-GD-DSCT-0105,singlemode,88.78662,15.058889,14.069,15.041,0.972,0.0596094,-99.99
OGLE-GD-DSCT-0106,singlemode,88.923045,11.070306,16.746,17.531,0.785,0.06200741,-99.99
OGLE-GD-DSCT-0107,singlemode,89.019,12.240194,15.06,15.737,0.677,0.07114241,-99.99
OGLE-GD-DSCT-0108,singlemode,89.02233,11.3405,17.081,17.791,0.71,0.06617153,-99.99
OGLE-GD-DSCT-0109,singlemode,89.05383,18.266167,14.364,15.362,0.998,0.0490901,-99.99
OGLE-GD-DSCT-0110,singlemode,89.10363,16.811028,11.176,11.746,0.57,0.11336348,-99.99
OGLE-GD-DSCT-0111,singlemode,89.169285,18.361333,17.504,18.968,1.464,0.05441161,-99.99
OGLE-GD-DSCT-0112,singlemode,89.235045,11.106361,17.455,18.329,0.874,0.08090555,-99.99
OGLE-GD-DSCT-0113,singlemode,89.35509,20.190778,17.962,19.552,1.59,0.06347244,-99.99
OGLE-GD-DSCT-0114,singlemode,89.3595,16.514722,16.346,17.479,1.133,0.0560518,-99.99
OGLE-GD-DSCT-0115,singlemode,89.40237,12.797778,15.269,15.966,0.697,0.07194849,-99.99
OGLE-GD-DSCT-0116,singlemode,89.426625,20.230806,15.177,17.016,1.839,0.08803845,-99.99
OGLE-GD-DSCT-0117,singlemode,89.451495,17.227583,15.204,16.25,1.046,0.10045281,-99.99
OGLE-GD-DSCT-0118,multimode,89.58762,10.821861,13.989,14.713,0.724,0.12005651,0.09263771
OGLE-GD-DSCT-0119,singlemode,89.606085,13.711333,16.696,17.472,0.776,0.07037915,-99.99
OGLE-GD-DSCT-0120,singlemode,89.62962,14.797556,16.168,16.924,0.756,0.06717019,-99.99
OGLE-GD-DSCT-0121,singlemode,89.70783,16.302361,16.446,18.289,1.843,0.10400802,-99.99
OGLE-GD-DSCT-0122,singlemode,89.835795,20.035389,10.624,11.335,0.711,0.20125983,-99.99
OGLE-GD-DSCT-0123,singlemode,89.944335,11.22025,16.545,17.49,0.945,0.09633209,-99.99
OGLE-GD-DSCT-0124,singlemode,89.972535,19.225833,12.774,14.093,1.319,0.11829142,-99.99
OGLE-GD-DSCT-0125,singlemode,90.157995,9.79075,12.858,13.567,0.709,0.11495944,-99.99
OGLE-GD-DSCT-0126,singlemode,90.207,14.204417,17.19,18.209,1.019,0.06584449,-99.99
OGLE-GD-DSCT-0127,singlemode,90.304215,17.214778,16.651,18.93,2.279,0.07047966,-99.99
OGLE-GD-DSCT-0128,singlemode,90.30429,12.678222,16.871,17.889,1.018,0.08778813,-99.99
OGLE-GD-DSCT-0129,singlemode,90.31683,10.375028,15.643,16.511,0.868,0.12652874,-99.99
OGLE-GD-DSCT-0130,singlemode,90.340455,11.959167,13.553,14.351,0.798,0.07465748,-99.99
OGLE-GD-DSCT-0131,singlemode,90.449955,12.615472,17.434,18.446,1.012,0.0810476,-99.99
OGLE-GD-DSCT-0132,multimode,90.47004,13.021639,15.064,16.043,0.979,0.12304932,0.094501
OGLE-GD-DSCT-0133,singlemode,90.472965,18.380833,12.37,13.638,1.268,0.11383012,-99.99
OGLE-GD-DSCT-0134,singlemode,90.53904,14.507889,16.144,17.21,1.066,0.08445108,-99.99
OGLE-GD-DSCT-0135,singlemode,90.540915,9.870972,14.922,15.674,0.752,0.07744055,-99.99
OGLE-GD-DSCT-0136,singlemode,90.586005,16.428389,17.744,19.154,1.41,0.08656012,-99.99
OGLE-GD-DSCT-0137,singlemode,90.594165,10.510361,16.06,16.838,0.778,0.08395055,-99.99
OGLE-GD-DSCT-0138,multimode,90.730035,13.381917,16.459,17.563,1.104,0.07361969,0.07764281
OGLE-GD-DSCT-0139,singlemode,90.74442,16.594583,16.899,18.68,1.781,0.0829649,-99.99
OGLE-GD-DSCT-0140,singlemode,91.00821,17.141028,17.172,19.541,2.369,0.08669456,-99.99
OGLE-GD-DSCT-0141,singlemode,91.01484,12.074833,16.333,17.361,1.028,0.10247751,-99.99
OGLE-GD-DSCT-0142,singlemode,91.152,17.4315,15.879,17.654,1.775,0.08641255,-99.99
OGLE-GD-DSCT-0143,multimode,91.16841,8.575667,13.043,13.772,0.729,0.07191587,0.04854491
OGLE-GD-DSCT-0144,singlemode,91.18116,8.995083,13.293,14.53,1.237,0.16917106,-99.99
OGLE-GD-DSCT-0145,singlemode,91.200795,8.038722,12.258,12.908,0.65,0.09785835,-99.99
OGLE-GD-DSCT-0146,singlemode,91.21641,9.083139,15.569,16.467,0.898,0.10366013,-99.99
OGLE-GD-DSCT-0147,singlemode,91.30287,11.783861,15.152,16.012,0.86,0.1077063,-99.99
OGLE-GD-DSCT-0148,singlemode,91.305285,19.16075,13.618,14.723,1.105,0.09787451,-99.99
OGLE-GD-DSCT-0149,singlemode,91.322955,10.863194,18.138,18.987,0.849,0.07003372,-99.99
OGLE-GD-DSCT-0150,singlemode,91.38546,14.295389,15.832,17.46,1.628,0.08820663,-99.99
OGLE-GD-DSCT-0151,singlemode,91.44666,8.2255,15.162,16.012,0.85,0.10431142,-99.99
OGLE-GD-DSCT-0152,singlemode,91.625415,16.380028,16.209,18.159,1.95,0.17290598,-99.99
OGLE-GD-DSCT-0153,singlemode,91.686285,11.550528,15.583,16.488,0.905,0.08254803,-99.99
OGLE-GD-DSCT-0154,singlemode,91.698165,12.872389,15.511,16.694,1.183,0.0858826,-99.99
OGLE-GD-DSCT-0155,multimode,91.73067,12.338,15.667,16.74,1.073,0.10180364,0.09148039
OGLE-GD-DSCT-0156,singlemode,91.78734,11.399861,14.894,15.775,0.881,0.09717366,-99.99
OGLE-GD-DSCT-0157,singlemode,91.82484,19.680861,14.026,15.13,1.104,0.07232471,-99.99
OGLE-GD-DSCT-0158,singlemode,91.848585,13.561167,14.987,16.489,1.502,0.10190662,-99.99
OGLE-GD-DSCT-0159,singlemode,91.88121,6.115528,15.813,16.697,0.884,0.07279533,-99.99
OGLE-GD-DSCT-0160,singlemode,91.92813,12.155694,15.598,16.685,1.087,0.11650029,-99.99
OGLE-GD-DSCT-0161,singlemode,92.03775,5.0035,15.134,15.876,0.742,0.13433386,-99.99
OGLE-GD-DSCT-0162,multimode,92.218755,14.2145,16.531,18.277,1.746,0.15637182,0.15658107
OGLE-GD-DSCT-0163,singlemode,92.269875,6.485028,15.94,16.783,0.843,0.08692367,-99.99
OGLE-GD-DSCT-0164,singlemode,92.278455,14.482056,15.712,17.154,1.442,0.11760012,-99.99
OGLE-GD-DSCT-0165,singlemode,92.355795,9.26025,16.713,17.517,0.804,0.07563898,-99.99
OGLE-GD-DSCT-0166,singlemode,92.364375,14.586583,17.791,19.225,1.434,0.10331272,-99.99
OGLE-GD-DSCT-0167,multimode,92.42634,12.027833,14.068,15.152,1.084,0.17627976,0.1347249
OGLE-GD-DSCT-0168,multimode,92.47317,15.89725,16.098,18.119,2.021,0.14429636,0.11284706
OGLE-GD-DSCT-0169,singlemode,92.61621,5.9365,15.671,16.478,0.807,0.08501144,-99.99
OGLE-GD-DSCT-0170,singlemode,92.617545,5.321778,14.849,15.701,0.852,0.17870966,-99.99
OGLE-GD-DSCT-0171,multimode,92.677335,6.836306,17.17,18.085,0.915,0.08056414,0.06246887
OGLE-GD-DSCT-0172,singlemode,92.779035,13.308972,15.928,17.184,1.256,0.08214668,-99.99
OGLE-GD-DSCT-0173,singlemode,92.794455,18.464639,13.689,15.068,1.379,0.11738306,-99.99
OGLE-GD-DSCT-0174,singlemode,92.853915,11.429472,15.15,16.201,1.051,0.10675143,-99.99
OGLE-GD-DSCT-0175,singlemode,92.88408,12.452361,13.412,14.316,0.904,0.07452024,-99.99
OGLE-GD-DSCT-0176,singlemode,92.894745,13.471528,17.941,19.508,1.567,0.09455483,-99.99
OGLE-GD-DSCT-0177,multimode,92.897625,5.071861,14.273,15.058,0.785,0.13148435,0.1013105
OGLE-GD-DSCT-0178,singlemode,92.940495,5.437917,15.007,16.131,1.124,0.07284897,-99.99
OGLE-GD-DSCT-0179,singlemode,92.947665,4.806917,15.609,16.449,0.84,0.09470533,-99.99
OGLE-GD-DSCT-0180,singlemode,92.987835,11.976056,16.02,17.452,1.432,0.07994768,-99.99
OGLE-GD-DSCT-0181,singlemode,93.006795,18.056778,16.671,18.899,2.228,0.09529315,-99.99
OGLE-GD-DSCT-0182,singlemode,93.065205,5.055306,15.046,15.821,0.775,0.08715859,-99.99
OGLE-GD-DSCT-0183,singlemode,93.07983,15.292417,16.564,18.325,1.761,0.07452641,-99.99
OGLE-GD-DSCT-0184,singlemode,93.13038,16.46,15.717,17.282,1.565,0.07543644,-99.99
OGLE-GD-DSCT-0185,multimode,93.160125,4.448056,15.55,16.653,1.103,0.10434384,0.08054086
OGLE-GD-DSCT-0186,singlemode,93.21621,8.206806,15.457,16.246,0.789,0.09364218,-99.99
OGLE-GD-DSCT-0187,singlemode,93.26937,13.630278,17.587,19.441,1.854,0.08836208,-99.99
OGLE-GD-DSCT-0188,singlemode,93.39612,8.291694,17.977,18.838,0.861,0.07009965,-99.99
OGLE-GD-DSCT-0189,multimode,93.422295,14.520639,14.432,15.405,0.973,0.16247606,0.14267753
OGLE-GD-DSCT-0190,multimode,93.43083,11.98625,14.769,15.954,1.185,0.12768202,0.12453733
OGLE-GD-DSCT-0191,multimode,93.481335,3.721639,16.864,-99.99,-99.99,0.08596043,0.06677114
OGLE-GD-DSCT-0192,singlemode,93.52416,17.399528,17.616,19.584,1.968,0.07180323,-99.99
OGLE-GD-DSCT-0193,singlemode,93.562125,18.635083,17.597,19.175,1.578,0.04883264,-99.99
OGLE-GD-DSCT-0194,multimode,93.569505,2.66375,15.383,16.163,0.78,0.08073795,0.10387591
OGLE-GD-DSCT-0195,singlemode,93.575715,5.995028,15.728,16.615,0.887,0.09810147,-99.99
OGLE-GD-DSCT-0196,singlemode,93.580965,18.392583,15.918,17.463,1.545,0.11387352,-99.99
OGLE-GD-DSCT-0197,singlemode,93.624255,4.651528,17.453,-99.99,-99.99,0.08232582,-99.99
OGLE-GD-DSCT-0198,singlemode,93.655335,6.045722,16.098,16.935,0.837,0.08591048,-99.99
OGLE-GD-DSCT-0199,singlemode,93.670995,14.844389,16.826,18.117,1.291,0.11193447,-99.99
OGLE-GD-DSCT-0200,multimode,93.72696,8.458167,15.169,16.032,0.863,0.08055599,0.10436185
OGLE-GD-DSCT-0201,singlemode,93.76479,4.182389,14.344,15.584,1.24,0.10473101,-99.99
OGLE-GD-DSCT-0202,multimode,93.793455,10.104361,14.532,15.771,1.239,0.11077519,0.08595631
OGLE-GD-DSCT-0203,singlemode,93.86667,6.855444,18.274,19.171,0.897,0.0614146,-99.99
OGLE-GD-DSCT-0204,multimode,93.87033,7.721083,12.668,13.523,0.855,0.14035708,0.13781069
OGLE-GD-DSCT-0205,singlemode,93.877995,4.351056,14.808,15.699,0.891,0.1104307,-99.99
OGLE-GD-DSCT-0206,singlemode,93.878715,15.579139,16.803,18.231,1.428,0.06807367,-99.99
OGLE-GD-DSCT-0207,singlemode,93.88692,18.617583,14.308,15.715,1.407,0.18008498,-99.99
OGLE-GD-DSCT-0208,singlemode,93.91017,16.684306,14.774,16.034,1.26,0.0822237,-99.99
OGLE-GD-DSCT-0209,singlemode,93.94191,7.776861,14.054,14.86,0.806,0.08322783,-99.99
OGLE-GD-DSCT-0210,singlemode,94.04616,18.616444,14.134,15.261,1.127,0.11682555,-99.99
OGLE-GD-DSCT-0211,multimode,94.10742,11.392056,14.177,14.96,0.783,0.06826873,0.06682567
OGLE-GD-DSCT-0212,singlemode,94.156995,17.819639,16.545,18.741,2.196,0.11501446,-99.99
OGLE-GD-DSCT-0213,singlemode,94.173165,3.162139,14.878,15.826,0.948,0.09754641,-99.99
OGLE-GD-DSCT-0214,multimode,94.18071,12.147167,16.674,17.831,1.157,0.10088686,0.07805913
OGLE-GD-DSCT-0215,multimode,94.181505,18.77225,15.16,16.421,1.261,0.14078915,0.11017065
OGLE-GD-DSCT-0216,multimode,94.22262,16.569417,15.495,17.32,1.825,0.1112079,0.1447877
OGLE-GD-DSCT-0217,multimode,94.22517,18.854,14.221,14.916,0.695,0.05165991,0.04804889
OGLE-GD-DSCT-0218,singlemode,94.22817,10.610528,14.312,15.081,0.769,0.10081223,-99.99
OGLE-GD-DSCT-0219,multimode,94.24788,8.776472,13.256,13.898,0.642,0.13851056,0.11037392
OGLE-GD-DSCT-0220,singlemode,94.25388,3.010028,14.649,15.67,1.021,0.12561118,-99.99
OGLE-GD-DSCT-0221,singlemode,94.28541,7.524111,16.471,17.523,1.052,0.10604472,-99.99
OGLE-GD-DSCT-0222,singlemode,94.34634,15.809111,13.954,15.24,1.286,0.09298445,-99.99
OGLE-GD-DSCT-0223,singlemode,94.40754,13.0155,16.372,17.765,1.393,0.12101229,-99.99
OGLE-GD-DSCT-0224,singlemode,94.418415,15.307583,13.528,14.59,1.062,0.10743222,-99.99
OGLE-GD-DSCT-0225,singlemode,94.420455,16.634583,13.743,14.662,0.919,0.05877719,-99.99
OGLE-GD-DSCT-0226,singlemode,94.479045,12.904667,16.707,18.211,1.504,0.10133809,-99.99
OGLE-GD-DSCT-0227,multimode,94.5615,4.84825,15.79,16.799,1.009,0.09923298,0.07666232
OGLE-GD-DSCT-0228,singlemode,94.58034,9.872194,15.96,16.981,1.021,0.08149524,-99.99
OGLE-GD-DSCT-0229,singlemode,94.587915,16.014556,17.428,19.033,1.605,0.07410083,-99.99
OGLE-GD-DSCT-0230,multimode,94.60308,12.349639,11.75,12.514,0.764,0.14136315,0.11378404
OGLE-GD-DSCT-0231,singlemode,94.61208,19.857417,16.579,17.955,1.376,0.1039149,-99.99
OGLE-GD-DSCT-0232,singlemode,94.625085,14.639472,17.232,19.01,1.778,0.09455045,-99.99
OGLE-GD-DSCT-0233,singlemode,94.68288,15.911944,13.35,14.486,1.136,0.15136219,-99.99
OGLE-GD-DSCT-0234,singlemode,94.685715,19.679556,16.345,17.777,1.432,0.11959138,-99.99
OGLE-GD-DSCT-0235,multimode,94.72608,15.914389,16.393,17.897,1.504,0.11626294,0.14375012
OGLE-GD-DSCT-0236,singlemode,94.726785,11.995417,15.641,16.78,1.139,0.12477809,-99.99
OGLE-GD-DSCT-0237,multimode,94.73637,3.641417,13.988,14.911,0.923,0.09370938,0.12149078
OGLE-GD-DSCT-0238,singlemode,94.77117,5.874028,16.354,17.222,0.868,0.08863604,-99.99
OGLE-GD-DSCT-0239,singlemode,94.779465,2.333722,14.48,15.269,0.789,0.06022274,-99.99
OGLE-GD-DSCT-0240,singlemode,94.787085,4.147389,12.595,13.611,1.016,0.15749649,-99.99
OGLE-GD-DSCT-0241,multimode,94.80654,18.914917,13.349,14.175,0.826,0.09617483,0.08001762
OGLE-GD-DSCT-0242,multimode,94.80666,4.401194,16.066,17.207,1.141,0.15920542,0.20772284
OGLE-GD-DSCT-0243,singlemode,94.824045,11.731278,16.651,17.765,1.114,0.07855938,-99.99
OGLE-GD-DSCT-0244,singlemode,94.84446,5.447917,16.387,17.163,0.776,0.06162536,-99.99
OGLE-GD-DSCT-0245,singlemode,94.84767,12.4875,15.091,16.273,1.182,0.09309009,-99.99
OGLE-GD-DSCT-0246,multimode,94.85421,3.192028,13.112,14.086,0.974,0.12991717,0.12155841
OGLE-GD-DSCT-0247,singlemode,94.873545,4.7945,16.302,17.12,0.818,0.08381492,-99.99
OGLE-GD-DSCT-0248,singlemode,94.891665,12.7925,15.542,16.985,1.443,0.13709712,-99.99
OGLE-GD-DSCT-0249,singlemode,94.89384,1.29575,12.879,13.774,0.895,0.06355021,-99.99
OGLE-GD-DSCT-0250,multimode,94.910085,10.988111,13.123,13.915,0.792,0.08227602,0.0821759
OGLE-GD-DSCT-0251,multimode,94.958535,16.817056,13.889,14.881,0.992,0.10638653,0.10254853
OGLE-GD-DSCT-0252,singlemode,94.97337,19.428639,16.52,17.669,1.149,0.0598283,-99.99
OGLE-GD-DSCT-0253,singlemode,94.97466,11.263389,14.888,15.99,1.102,0.11816439,-99.99
OGLE-GD-DSCT-0254,singlemode,95.09487,19.798611,14.065,15.033,0.968,0.109638,-99.99
OGLE-GD-DSCT-0255,multimode,95.116335,-0.124694,16.451,17.489,1.038,0.07558888,0.0585427
OGLE-GD-DSCT-0256,multimode,95.142165,14.451472,15.95,-99.99,-99.99,0.10492784,0.10499111
OGLE-GD-DSCT-0257,singlemode,95.218665,1.881417,17.19,17.796,0.606,0.06291204,-99.99
OGLE-GD-DSCT-0258,singlemode,95.218755,8.659861,16.89,17.739,0.849,0.09422433,-99.99
OGLE-GD-DSCT-0259,singlemode,95.22633,18.0065,16.1,17.352,1.252,0.08537471,-99.99
OGLE-GD-DSCT-0260,multimode,95.2335,2.796917,16.157,17.172,1.015,0.11732331,0.11204581
OGLE-GD-DSCT-0261,multimode,95.25225,5.491556,15.299,16.044,0.745,0.07010396,0.05420156
OGLE-GD-DSCT-0262,multimode,95.25825,7.354,13.235,13.895,0.66,0.07623536,0.05923338
OGLE-GD-DSCT-0263,multimode,95.311995,19.276444,15.298,16.231,0.933,0.08439339,0.08988105
OGLE-GD-DSCT-0264,singlemode,95.312505,2.278639,16.783,17.848,1.065,0.09342148,-99.99
OGLE-GD-DSCT-0265,singlemode,95.34066,2.43275,16.761,17.777,1.016,0.05995154,-99.99
OGLE-GD-DSCT-0266,singlemode,95.36088,14.521667,14.002,15.031,1.029,0.08680003,-99.99
OGLE-GD-DSCT-0267,singlemode,95.37408,18.314,13.75,14.546,0.796,0.05244011,-99.99
OGLE-GD-DSCT-0268,singlemode,95.38608,8.788583,15.134,15.994,0.86,0.12734111,-99.99
OGLE-GD-DSCT-0269,multimode,95.42934,9.378111,12.99,13.749,0.759,0.18395514,0.20963148
OGLE-GD-DSCT-0270,singlemode,95.44791,1.353806,15.126,16.056,0.93,0.09273234,-99.99
OGLE-GD-DSCT-0271,singlemode,95.49696,7.920917,16.257,17.08,0.823,0.06559728,-99.99
OGLE-GD-DSCT-0272,singlemode,95.509455,8.332944,14.661,15.421,0.76,0.07580347,-99.99
OGLE-GD-DSCT-0273,singlemode,95.55546,3.779417,14.827,16.359,1.532,0.10005192,-99.99
OGLE-GD-DSCT-0274,singlemode,95.591205,1.917611,15.935,17.069,1.134,0.10988531,-99.99
OGLE-GD-DSCT-0275,singlemode,95.62017,1.52725,12.839,13.793,0.954,0.09702699,-99.99
OGLE-GD-DSCT-0276,singlemode,95.637375,11.525306,14.44,15.308,0.868,0.09485189,-99.99
OGLE-GD-DSCT-0277,singlemode,95.64858,15.517083,15.828,17.159,1.331,0.08406756,-99.99
OGLE-GD-DSCT-0278,singlemode,95.669205,1.143583,16.668,17.908,1.24,0.20566304,-99.99
OGLE-GD-DSCT-0279,singlemode,95.700165,19.056694,16.659,17.6,0.941,0.13040002,-99.99
OGLE-GD-DSCT-0280,singlemode,95.76459,8.53975,16.402,17.321,0.919,0.06342894,-99.99
OGLE-GD-DSCT-0281,singlemode,95.777415,1.1005,17.473,18.516,1.043,0.0797937,-99.99
OGLE-GD-DSCT-0282,singlemode,95.839005,18.339306,15.999,17.158,1.159,0.06847347,-99.99
OGLE-GD-DSCT-0283,multimode,95.86059,16.782972,16.454,17.627,1.173,0.08154198,0.09150412
OGLE-GD-DSCT-0284,singlemode,95.87508,14.934111,14.657,15.914,1.257,0.1575045,-99.99
OGLE-GD-DSCT-0285,singlemode,95.899335,-2.214056,15.649,16.486,0.837,0.09191996,-99.99
OGLE-GD-DSCT-0286,multimode,95.90175,16.748,14.873,15.807,0.934,0.04573418,0.04688946
OGLE-GD-DSCT-0287,singlemode,96.01809,18.789167,15.497,16.354,0.857,0.07485015,-99.99
OGLE-GD-DSCT-0288,multimode,96.037455,-2.427833,16.412,17.209,0.797,0.07048946,0.09153921
OGLE-GD-DSCT-0289,singlemode,96.037785,-2.402139,14.8,15.647,0.847,0.0880812,-99.99
OGLE-GD-DSCT-0290,multimode,96.04233,2.424333,16.364,17.545,1.181,0.0995512,0.07734605
OGLE-GD-DSCT-0291,singlemode,96.04608,13.866444,14.626,15.366,0.74,0.07430241,-99.99
OGLE-GD-DSCT-0292,multimode,96.056955,5.071639,16.449,17.505,1.056,0.15025444,0.1155531
OGLE-GD-DSCT-0293,singlemode,96.06783,2.4245,17.251,18.551,1.3,0.09410415,-99.99
OGLE-GD-DSCT-0294,singlemode,96.081255,6.167667,16.849,17.811,0.962,0.07207217,-99.99
OGLE-GD-DSCT-0295,singlemode,96.08529,3.386833,16.926,-99.99,-99.99,0.08750849,-99.99
OGLE-GD-DSCT-0296,singlemode,96.174255,1.067528,16.074,17.234,1.16,0.09918327,-99.99
OGLE-GD-DSCT-0297,singlemode,96.25554,6.784583,13.956,14.71,0.754,0.07788703,-99.99
OGLE-GD-DSCT-0298,singlemode,96.30141,15.319472,12.134,12.955,0.821,0.14696689,-99.99
OGLE-GD-DSCT-0299,multimode,96.325875,16.211583,15.519,16.486,0.967,0.09565061,0.12101867
OGLE-GD-DSCT-0300,multimode,96.32679,-0.794306,16.409,17.363,0.954,0.10736104,0.07509444
OGLE-GD-DSCT-0301,singlemode,96.33588,-0.471444,18.027,19.071,1.044,0.07087462,-99.99
OGLE-GD-DSCT-0302,singlemode,96.337035,7.777861,14.831,15.81,0.979,0.0817702,-99.99
OGLE-GD-DSCT-0303,multimode,96.349785,2.832778,15.938,17.217,1.279,0.11327965,0.08731718
OGLE-GD-DSCT-0304,singlemode,96.35604,6.105472,14.409,15.643,1.234,0.14437642,-99.99
OGLE-GD-DSCT-0305,singlemode,96.44784,9.668889,16.027,16.984,0.957,0.07661282,-99.99
OGLE-GD-DSCT-0306,multimode,96.449295,19.3225,15.043,15.985,0.942,0.1413627,0.10852826
OGLE-GD-DSCT-0307,singlemode,96.45054,11.341472,16.203,17.538,1.335,0.10658575,-99.99
OGLE-GD-DSCT-0308,multimode,96.467745,-0.867389,17.028,17.954,0.926,0.08598725,0.06667738
OGLE-GD-DSCT-0309,singlemode,96.476625,4.31425,14.247,15.249,1.002,0.05665281,-99.99
OGLE-GD-DSCT-0310,singlemode,96.483165,15.426472,16.673,17.87,1.197,0.07299095,-99.99
OGLE-GD-DSCT-0311,singlemode,96.58041,12.906611,15.454,16.426,0.972,0.07672723,-99.99
OGLE-GD-DSCT-0312,singlemode,96.58467,4.766333,15.662,17.03,1.368,0.13824957,-99.99
OGLE-GD-DSCT-0313,singlemode,96.60804,8.639278,15.93,17.033,1.103,0.15651246,-99.99
OGLE-GD-DSCT-0314,singlemode,96.686415,19.562361,17.117,18.108,0.991,0.09243703,-99.99
OGLE-GD-DSCT-0315,singlemode,96.696795,9.825194,16.939,18.493,1.554,0.10171145,-99.99
OGLE-GD-DSCT-0316,singlemode,96.71766,16.392889,15.397,16.327,0.93,0.10093169,-99.99
OGLE-GD-DSCT-0317,singlemode,96.74346,2.33825,15.961,17.137,1.176,0.09564144,-99.99
OGLE-GD-DSCT-0318,singlemode,96.838995,9.693194,16.411,17.598,1.187,0.07316318,-99.99
OGLE-GD-DSCT-0319,multimode,96.84213,0.4095,16.343,17.472,1.129,0.08193072,0.10615122
OGLE-GD-DSCT-0320,singlemode,96.845415,11.92475,16.142,17.655,1.513,0.08338384,-99.99
OGLE-GD-DSCT-0321,multimode,96.86121,17.104944,13.352,14.074,0.722,0.06191981,0.06319287
OGLE-GD-DSCT-0322,multimode,96.904665,-1.886972,16.948,17.958,1.01,0.07634769,0.05895012
OGLE-GD-DSCT-0323,singlemode,96.91554,6.149028,17.367,18.938,1.571,0.08297141,-99.99
OGLE-GD-DSCT-0324,singlemode,96.93879,7.759139,14.941,16.004,1.063,0.13956074,-99.99
OGLE-GD-DSCT-0325,singlemode,96.99525,5.926861,15.144,16.467,1.323,0.08650886,-99.99
OGLE-GD-DSCT-0326,singlemode,97.00617,3.408944,16.285,17.337,1.052,0.07023862,-99.99
OGLE-GD-DSCT-0327,singlemode,97.01838,13.042278,14.757,15.773,1.016,0.1378089,-99.99
OGLE-GD-DSCT-0328,singlemode,97.08087,14.324472,16.038,17.136,1.098,0.10516614,-99.99
OGLE-GD-DSCT-0329,multimode,97.09059,1.431806,13.318,14.434,1.116,0.16313901,0.15948271
OGLE-GD-DSCT-0330,multimode,97.10175,3.981222,16.073,17.625,1.552,0.14158798,0.12732041
OGLE-GD-DSCT-0331,multimode,97.130745,7.716917,15.076,16.184,1.108,0.09848171,0.0844943
OGLE-GD-DSCT-0332,singlemode,97.14438,3.227111,16.684,17.608,0.924,0.07329852,-99.99
OGLE-GD-DSCT-0333,multimode,97.16184,11.790417,16.308,17.45,1.142,0.07188397,0.0927696
OGLE-GD-DSCT-0334,singlemode,97.212585,9.530278,16.059,17.377,1.318,0.09085731,-99.99
OGLE-GD-DSCT-0335,singlemode,97.25517,3.861,15.643,16.834,1.191,0.09214066,-99.99
OGLE-GD-DSCT-0336,singlemode,97.28316,17.658028,15.635,16.363,0.728,0.08039654,-99.99
OGLE-GD-DSCT-0337,singlemode,97.297335,-1.553444,18.395,19.529,1.134,0.07238438,-99.99
OGLE-GD-DSCT-0338,singlemode,97.305165,-3.645667,16.383,17.312,0.929,0.08093981,-99.99
OGLE-GD-DSCT-0339,singlemode,97.318785,4.071806,17.178,19.004,1.826,0.10347513,-99.99
OGLE-GD-DSCT-0340,singlemode,97.35567,7.210444,16.59,17.739,1.149,0.06022794,-99.99
OGLE-GD-DSCT-0341,singlemode,97.37367,10.446167,15.191,16.465,1.274,0.08102105,-99.99
OGLE-GD-DSCT-0342,singlemode,97.375005,6.266222,14.258,15.339,1.081,0.06818473,-99.99
OGLE-GD-DSCT-0343,singlemode,97.383585,-4.889389,16.932,17.734,0.802,0.07422295,-99.99
OGLE-GD-DSCT-0344,singlemode,97.40862,-0.256722,13.438,14.716,1.278,0.11531285,-99.99
OGLE-GD-DSCT-0345,multimode,97.411995,11.385444,12.99,13.49,0.5,0.04452433,0.04357949
OGLE-GD-DSCT-0346,singlemode,97.4145,-4.408917,15.617,16.506,0.889,0.08067071,-99.99
OGLE-GD-DSCT-0347,singlemode,97.426245,15.580444,13.523,14.306,0.783,0.0941758,-99.99
OGLE-GD-DSCT-0348,multimode,97.43916,3.35075,15.911,17.227,1.316,0.1778805,0.13624754
OGLE-GD-DSCT-0349,singlemode,97.494285,7.59325,16.984,18.254,1.27,0.07099363,-99.99
OGLE-GD-DSCT-0350,singlemode,97.51446,6.876056,15.722,16.784,1.062,0.11291369,-99.99
OGLE-GD-DSCT-0351,singlemode,97.514505,16.364333,15.857,16.657,0.8,0.07198249,-99.99
OGLE-GD-DSCT-0352,singlemode,97.56537,2.409417,17.243,18.899,1.656,0.07819245,-99.99
OGLE-GD-DSCT-0353,singlemode,97.669665,10.76625,16.672,18.655,1.983,0.09712519,-99.99
OGLE-GD-DSCT-0354,singlemode,97.680585,9.060694,16.943,18.278,1.335,0.09164148,-99.99
OGLE-GD-DSCT-0355,singlemode,97.751205,-1.912444,15.963,17.226,1.263,0.08562968,-99.99
OGLE-GD-DSCT-0356,multimode,97.78416,11.675389,16.379,18.351,1.972,0.14219921,0.14645315
OGLE-GD-DSCT-0357,singlemode,97.83321,2.437778,16.88,18.257,1.377,0.07146855,-99.99
OGLE-GD-DSCT-0358,singlemode,97.840455,11.246333,17.342,19.311,1.969,0.08520221,-99.99
OGLE-GD-DSCT-0359,singlemode,97.84284,15.582167,14.17,14.975,0.805,0.06818296,-99.99
OGLE-GD-DSCT-0360,singlemode,97.84908,15.446694,16.097,17.31,1.213,0.08805461,-99.99
OGLE-GD-DSCT-0361,singlemode,97.867035,-2.284694,16.697,18.017,1.32,0.0804861,-99.99
OGLE-GD-DSCT-0362,singlemode,97.91484,7.509861,14.778,15.775,0.997,0.0744264,-99.99
OGLE-GD-DSCT-0363,singlemode,97.936335,11.782222,15.985,17.448,1.463,0.16011748,-99.99
OGLE-GD-DSCT-0364,singlemode,97.945545,-1.794389,15.763,17.211,1.448,0.1315848,-99.99
OGLE-GD-DSCT-0365,singlemode,97.96962,2.981306,17.053,18.393,1.34,0.05126616,-99.99
OGLE-GD-DSCT-0366,singlemode,97.970745,15.08225,18.458,19.608,1.15,0.06103588,-99.99
OGLE-GD-DSCT-0367,multimode,97.99608,7.216806,14.825,15.884,1.059,0.13048149,0.13780843
OGLE-GD-DSCT-0368,singlemode,98.01825,1.750417,16.321,17.87,1.549,0.12823886,-99.99
OGLE-GD-DSCT-0369,multimode,98.044965,-1.711056,14.551,16.022,1.471,0.20000939,0.15231995
OGLE-GD-DSCT-0370,singlemode,98.05404,14.984,16.688,17.785,1.097,0.06919412,-99.99
OGLE-GD-DSCT-0371,multimode,98.08638,16.220694,15.084,15.9,0.816,0.08852309,0.09281964
OGLE-GD-DSCT-0372,singlemode,98.121,7.271361,15.735,16.832,1.097,0.08890415,-99.99
OGLE-GD-DSCT-0373,multimode,98.143035,14.668111,15.395,16.711,1.316,0.16177237,0.20852031
OGLE-GD-DSCT-0374,singlemode,98.220465,5.972389,13.644,14.618,0.974,0.08581537,-99.99
OGLE-GD-DSCT-0375,singlemode,98.226465,15.508,16.505,17.918,1.413,0.09084739,-99.99
OGLE-GD-DSCT-0376,singlemode,98.229585,8.750056,17.55,18.564,1.014,0.06445626,-99.99
OGLE-GD-DSCT-0377,multimode,98.254125,0.910444,17.627,19.331,1.704,0.0762531,0.05902297
OGLE-GD-DSCT-0378,singlemode,98.28342,5.577111,16.032,17.349,1.317,0.07504448,-99.99
OGLE-GD-DSCT-0379,singlemode,98.318205,14.293278,14.788,16.011,1.223,0.10560454,-99.99
OGLE-GD-DSCT-0380,singlemode,98.343705,-2.58075,15.14,16.489,1.349,0.09884055,-99.99
OGLE-GD-DSCT-0381,multimode,98.36046,-5.620139,15.08,15.927,0.847,0.08726713,0.0703325
OGLE-GD-DSCT-0382,multimode,98.390295,6.071472,12.647,13.718,1.071,0.15609414,0.14750855
OGLE-GD-DSCT-0383,singlemode,98.403375,14.096167,18.041,19.158,1.117,0.08804737,-99.99
OGLE-GD-DSCT-0384,singlemode,98.430045,-4.790972,11.036,11.633,0.597,0.10109601,-99.99
OGLE-GD-DSCT-0385,multimode,98.45196,13.817417,14.615,15.84,1.225,0.20442899,0.15671129
OGLE-GD-DSCT-0386,multimode,98.481045,12.733806,17.234,18.306,1.072,0.08256047,0.06569963
OGLE-GD-DSCT-0387,singlemode,98.488875,-1.77275,16.212,17.758,1.546,0.07200889,-99.99
OGLE-GD-DSCT-0388,multimode,98.502795,10.498111,13.345,14.886,1.541,0.14290312,0.14013151
OGLE-GD-DSCT-0389,multimode,98.521245,-6.569583,14.438,15.146,0.708,0.09990899,0.07734564
OGLE-GD-DSCT-0390,singlemode,98.525505,-5.704139,16.081,16.822,0.741,0.09005174,-99.99
OGLE-GD-DSCT-0391,singlemode,98.57838,-1.495889,15.897,17.275,1.378,0.10617259,-99.99
OGLE-GD-DSCT-0392,singlemode,98.586705,-4.747333,16.963,17.88,0.917,0.07671127,-99.99
OGLE-GD-DSCT-0393,singlemode,98.617965,9.393944,13.755,14.487,0.732,0.06005839,-99.99
OGLE-GD-DSCT-0394,singlemode,98.618085,-5.233583,14.349,15.171,0.822,0.15794485,-99.99
OGLE-GD-DSCT-0395,singlemode,98.697,6.522528,15.592,16.955,1.363,0.07664119,-99.99
OGLE-GD-DSCT-0396,singlemode,98.828505,-6.260361,16.216,17.015,0.799,0.07615503,-99.99
OGLE-GD-DSCT-0397,multimode,98.85312,6.329194,15.678,16.943,1.265,0.0944223,0.09388073
OGLE-GD-DSCT-0398,singlemode,98.933955,14.531833,15.083,16.053,0.97,0.08750594,-99.99
OGLE-GD-DSCT-0399,singlemode,98.97291,14.628889,15.99,16.981,0.991,0.08787895,-99.99
OGLE-GD-DSCT-0400,singlemode,98.992215,-3.685222,17.156,18.787,1.631,0.10014382,-99.99
OGLE-GD-DSCT-0401,multimode,98.99529,7.15825,14.547,15.354,0.807,0.07310206,0.07704851
OGLE-GD-DSCT-0402,singlemode,99.010755,-2.820639,16.465,-99.99,-99.99,0.05062486,-99.99
OGLE-GD-DSCT-0403,singlemode,99.010755,14.30875,13.374,14.171,0.797,0.08980757,-99.99
OGLE-GD-DSCT-0404,singlemode,99.04254,12.045639,15.95,16.863,0.913,0.0878576,-99.99
OGLE-GD-DSCT-0405,singlemode,99.09279,11.171806,13.336,14.317,0.981,0.15749933,-99.99
OGLE-GD-DSCT-0406,singlemode,99.120495,10.887611,17.903,20.374,2.471,0.08868697,-99.99
OGLE-GD-DSCT-0407,multimode,99.121245,-5.242778,15.636,16.469,0.833,0.138682,0.18032694
OGLE-GD-DSCT-0408,singlemode,99.136545,6.775583,12.734,13.405,0.671,0.10466978,-99.99
OGLE-GD-DSCT-0409,singlemode,99.264165,13.586333,15.343,16.242,0.899,0.08876294,-99.99
OGLE-GD-DSCT-0410,singlemode,99.289665,-1.064056,11.808,12.41,0.602,0.05279518,-99.99
OGLE-GD-DSCT-0411,singlemode,99.361215,-4.790833,16.53,17.476,0.946,0.08313134,-99.99
OGLE-GD-DSCT-0412,singlemode,99.373965,6.229333,15.649,16.999,1.35,0.09575786,-99.99
OGLE-GD-DSCT-0413,singlemode,99.39534,1.881028,17.191,18.538,1.347,0.08033445,-99.99
OGLE-GD-DSCT-0414,singlemode,99.405375,-6.794722,15.399,16.252,0.853,0.082531,-99.99
OGLE-GD-DSCT-0415,singlemode,99.428295,-3.150917,13.366,14.204,0.838,0.09268741,-99.99
OGLE-GD-DSCT-0416,multimode,99.47088,-3.663833,16.404,17.792,1.388,0.13108672,0.10104135
OGLE-GD-DSCT-0417,multimode,99.483495,12.327361,14.981,16.333,1.352,0.13437057,0.1254947
OGLE-GD-DSCT-0418,multimode,99.55662,5.251778,15.388,16.579,1.191,0.11279124,0.14193672
OGLE-GD-DSCT-0419,multimode,99.582375,12.286639,15.72,16.642,0.922,0.11099912,0.09962479
OGLE-GD-DSCT-0420,singlemode,99.5865,-0.127361,16.875,18.256,1.381,0.10028325,-99.99
OGLE-GD-DSCT-0421,multimode,99.589455,3.830861,12.659,13.904,1.245,0.18228169,0.14681293
OGLE-GD-DSCT-0422,multimode,99.59484,1.563611,14.645,16.009,1.364,0.11263744,0.12401569
OGLE-GD-DSCT-0423,singlemode,99.594915,-5.251833,13.729,14.652,0.923,0.0913981,-99.99
OGLE-GD-DSCT-0424,multimode,99.622875,3.270583,15.213,16.522,1.309,0.05503817,0.06489334
OGLE-GD-DSCT-0425,singlemode,99.640995,-10.224694,15.409,-99.99,-99.99,0.09815315,-99.99
OGLE-GD-DSCT-0426,singlemode,99.66438,-4.336056,16.574,17.695,1.121,0.0887506,-99.99
OGLE-GD-DSCT-0427,multimode,99.67671,-1.040167,13.374,14.39,1.016,0.09206382,0.11924292
OGLE-GD-DSCT-0428,singlemode,99.685875,-8.187861,13.976,14.938,0.962,0.08879359,-99.99
OGLE-GD-DSCT-0429,singlemode,99.69234,2.989167,16.763,18.843,2.08,0.08443024,-99.99
OGLE-GD-DSCT-0430,singlemode,99.717495,-9.720083,16.614,17.515,0.901,0.10162137,-99.99
OGLE-GD-DSCT-0431,singlemode,99.732495,0.8805,16.696,18.162,1.466,0.07505834,-99.99
OGLE-GD-DSCT-0432,singlemode,99.743415,2.494667,15.927,17.468,1.541,0.09368016,-99.99
OGLE-GD-DSCT-0433,singlemode,99.786795,1.801583,15.812,17.333,1.521,0.12930964,-99.99
OGLE-GD-DSCT-0434,singlemode,99.827835,6.717722,16.877,18.111,1.234,0.05246992,-99.99
OGLE-GD-DSCT-0435,singlemode,99.83184,-3.125389,17.191,18.782,1.591,0.07207874,-99.99
OGLE-GD-DSCT-0436,singlemode,99.879165,-2.196167,16.186,17.68,1.494,0.07301598,-99.99
OGLE-GD-DSCT-0437,singlemode,99.88134,8.339861,12.414,13.285,0.871,0.14145414,-99.99
OGLE-GD-DSCT-0438,multimode,99.89046,4.913028,12.97,13.783,0.813,0.11516354,0.12816329
OGLE-GD-DSCT-0439,singlemode,99.903285,2.009917,16.756,18.546,1.79,0.07392385,-99.99
OGLE-GD-DSCT-0440,singlemode,99.92121,-0.650083,14.905,15.896,0.991,0.11968583,-99.99
OGLE-GD-DSCT-0441,singlemode,99.932205,0.145389,15.595,16.799,1.204,0.08297343,-99.99
OGLE-GD-DSCT-0442,singlemode,99.957585,4.655611,14.73,16.216,1.486,0.17193184,-99.99
OGLE-GD-DSCT-0443,multimode,100.00029,-7.703222,15.854,16.562,0.708,0.08161306,0.07984819
OGLE-GD-DSCT-0444,singlemode,100.01604,12.198972,13.261,14.242,0.981,0.15692726,-99.99
OGLE-GD-DSCT-0445,singlemode,100.03587,8.591861,12.43,13.249,0.819,0.14561497,-99.99
OGLE-GD-DSCT-0446,singlemode,100.04238,6.046667,16.797,18.544,1.747,0.08849511,-99.99
OGLE-GD-DSCT-0447,singlemode,100.044795,6.344028,12.511,13.263,0.752,0.12272004,-99.99
OGLE-GD-DSCT-0448,singlemode,100.10091,3.504167,16.662,18.145,1.483,0.09353187,-99.99
OGLE-GD-DSCT-0449,singlemode,100.106955,5.1075,17.745,19.577,1.832,0.07842931,-99.99
OGLE-GD-DSCT-0450,singlemode,100.127415,8.45075,14.526,15.654,1.128,0.08318645,-99.99
OGLE-GD-DSCT-0451,multimode,100.131375,8.3425,11.957,12.807,0.85,0.13549696,0.1607898
OGLE-GD-DSCT-0452,multimode,100.15491,3.086111,17.33,19.123,1.793,0.13976752,0.11970253
OGLE-GD-DSCT-0453,singlemode,100.18542,-9.795056,16.03,17.023,0.993,0.10612671,-99.99
OGLE-GD-DSCT-0454,singlemode,100.198545,-4.44825,16.747,17.767,1.02,0.07068029,-99.99
OGLE-GD-DSCT-0455,multimode,100.209285,2.29125,14.863,16.499,1.636,0.13167243,0.12750339
OGLE-GD-DSCT-0456,multimode,100.217505,1.025306,13.003,13.845,0.842,0.09349509,0.09995781
OGLE-GD-DSCT-0457,multimode,100.23729,-7.936472,14.644,15.407,0.763,0.11001409,0.1181723
OGLE-GD-DSCT-0458,singlemode,100.24404,8.430722,14.132,15.436,1.304,0.13239634,-99.99
OGLE-GD-DSCT-0459,singlemode,100.25625,8.163333,13.539,14.756,1.217,0.1294642,-99.99
OGLE-GD-DSCT-0460,singlemode,100.2945,-8.456639,16.332,17.322,0.99,0.08990361,-99.99
OGLE-GD-DSCT-0461,singlemode,100.29588,6.280639,17.081,18.688,1.607,0.06616839,-99.99
OGLE-GD-DSCT-0462,singlemode,100.32858,-6.416444,16.831,17.703,0.872,0.125207,-99.99
OGLE-GD-DSCT-0463,singlemode,100.352295,-5.455194,16.59,17.472,0.882,0.05749467,-99.99
OGLE-GD-DSCT-0464,singlemode,100.403505,-4.520417,15.808,16.913,1.105,0.08156573,-99.99
OGLE-GD-DSCT-0465,singlemode,100.42629,12.621083,13.039,13.874,0.835,0.11745047,-99.99
OGLE-GD-DSCT-0466,multimode,100.48029,-5.589389,16.225,17.192,0.967,0.10325645,0.08331627
OGLE-GD-DSCT-0467,singlemode,100.480455,11.143778,15.267,16.637,1.37,0.13855611,-99.99
OGLE-GD-DSCT-0468,multimode,100.49316,-3.948889,14.991,15.93,0.939,0.10778149,0.107066
OGLE-GD-DSCT-0469,singlemode,100.505205,-5.278333,16.559,17.556,0.997,0.09230542,-99.99
OGLE-GD-DSCT-0470,singlemode,100.51146,-3.735917,17.469,18.881,1.412,0.06938829,-99.99
OGLE-GD-DSCT-0471,singlemode,100.51458,-6.839111,15.943,16.785,0.842,0.10227197,-99.99
OGLE-GD-DSCT-0472,singlemode,100.56642,-5.533083,16.202,17.155,0.953,0.08328473,-99.99
OGLE-GD-DSCT-0473,multimode,100.637715,1.557056,14.361,15.545,1.184,0.14178882,0.24742248
OGLE-GD-DSCT-0474,singlemode,100.64688,-4.876556,16.187,17.05,0.863,0.09122647,-99.99
OGLE-GD-DSCT-0475,singlemode,100.675005,10.519667,16.444,17.337,0.893,0.07620509,-99.99
OGLE-GD-DSCT-0476,singlemode,100.681875,-10.652972,18.04,19.218,1.178,0.08471066,-99.99
OGLE-GD-DSCT-0477,singlemode,100.72704,-12.109194,15.849,16.658,0.809,0.07301594,-99.99
OGLE-GD-DSCT-0478,singlemode,100.72971,3.904389,16.398,17.936,1.538,0.13075825,-99.99
OGLE-GD-DSCT-0479,singlemode,100.73412,-12.166056,16.875,17.759,0.884,0.0890785,-99.99
OGLE-GD-DSCT-0480,singlemode,100.74312,-2.25,15.151,16.611,1.46,0.12679902,-99.99
OGLE-GD-DSCT-0481,singlemode,100.74837,1.36875,14.901,16.164,1.263,0.10318551,-99.99
OGLE-GD-DSCT-0482,multimode,100.770705,8.12075,11.736,12.694,0.958,0.13705798,0.10903951
OGLE-GD-DSCT-0483,multimode,100.79091,-6.970389,17.807,18.854,1.047,0.09801566,0.07591781
OGLE-GD-DSCT-0484,singlemode,100.79967,7.177528,16.874,18.106,1.232,0.08199119,-99.99
OGLE-GD-DSCT-0485,singlemode,100.800255,-1.946583,17.699,19.085,1.386,0.06290183,-99.99
OGLE-GD-DSCT-0486,singlemode,100.80804,-7.858167,15.444,16.342,0.898,0.07114615,-99.99
OGLE-GD-DSCT-0487,multimode,100.834665,6.0265,15.37,16.498,1.128,0.1174762,0.09772504
OGLE-GD-DSCT-0488,multimode,100.906215,-10.518389,16.279,17.244,0.965,0.10468401,0.08425812
OGLE-GD-DSCT-0489,singlemode,100.912875,-4.416694,17.157,18.187,1.03,0.0563971,-99.99
OGLE-GD-DSCT-0490,multimode,100.91934,10.402472,15.06,16.03,0.97,0.07914991,0.07633179
OGLE-GD-DSCT-0491,singlemode,100.949715,6.779111,15.102,16.191,1.089,0.11375101,-99.99
OGLE-GD-DSCT-0492,singlemode,101.026125,3.807167,15.409,16.73,1.321,0.0878114,-99.99
OGLE-GD-DSCT-0493,singlemode,101.052045,-2.432889,17.015,18.54,1.525,0.09380358,-99.99
OGLE-GD-DSCT-0494,singlemode,101.05512,-0.954667,11.836,12.412,0.576,0.1028638,-99.99
OGLE-GD-DSCT-0495,singlemode,101.109,1.182778,18.865,20.511,1.646,0.08858497,-99.99
OGLE-GD-DSCT-0496,singlemode,101.136165,3.773417,17.504,18.933,1.429,0.08141814,-99.99
OGLE-GD-DSCT-0497,singlemode,101.13834,9.001972,14.074,15.106,1.032,0.16372582,-99.99
OGLE-GD-DSCT-0498,multimode,101.153715,-11.820861,15.79,16.671,0.881,0.106216,0.13817338
OGLE-GD-DSCT-0499,singlemode,101.241915,10.042583,15.641,16.657,1.016,0.09254658,-99.99
OGLE-GD-DSCT-0500,singlemode,101.28246,6.974528,13.491,14.267,0.776,0.0922465,-99.99
OGLE-GD-DSCT-0501,singlemode,101.29446,-9.037278,16.63,17.567,0.937,0.09391427,-99.99
OGLE-GD-DSCT-0502,singlemode,101.335665,3.452278,17.099,18.636,1.537,0.09302556,-99.99
OGLE-GD-DSCT-0503,singlemode,101.358255,-8.057111,16.392,17.34,0.948,0.08356672,-99.99
OGLE-GD-DSCT-0504,singlemode,101.382495,0.903528,16.79,18.287,1.497,0.08540399,-99.99
OGLE-GD-DSCT-0505,singlemode,101.41146,-4.757194,16.094,17.21,1.116,0.10979523,-99.99
OGLE-GD-DSCT-0506,singlemode,101.425215,9.986778,14.208,15.196,0.988,0.179007,-99.99
OGLE-GD-DSCT-0507,singlemode,101.43366,-0.471389,16.947,18.414,1.467,0.09786039,-99.99
OGLE-GD-DSCT-0508,multimode,101.450625,6.164639,14.17,15.061,0.891,0.10023107,0.10798266
OGLE-GD-DSCT-0509,singlemode,101.47233,-0.711972,17.485,18.871,1.386,0.07857025,-99.99
OGLE-GD-DSCT-0510,singlemode,101.49279,-0.700222,17.304,19.034,1.73,0.10232947,-99.99
OGLE-GD-DSCT-0511,singlemode,101.536995,1.935333,16.841,18.268,1.427,0.05770984,-99.99
OGLE-GD-DSCT-0512,singlemode,101.548665,-2.344861,16.267,17.584,1.317,0.09569353,-99.99
OGLE-GD-DSCT-0513,singlemode,101.57346,-10.282861,17.201,18.276,1.075,0.09680727,-99.99
OGLE-GD-DSCT-0514,singlemode,101.585415,6.496528,14.379,15.29,0.911,0.12176875,-99.99
OGLE-GD-DSCT-0515,singlemode,101.698455,-7.454528,16.535,17.382,0.847,0.06737226,-99.99
OGLE-GD-DSCT-0516,singlemode,101.722035,-0.8145,16.944,18.167,1.223,0.07946078,-99.99
OGLE-GD-DSCT-0517,singlemode,101.74608,9.557806,15.206,16.108,0.902,0.12367465,-99.99
OGLE-GD-DSCT-0518,singlemode,101.764245,6.902222,16.093,17.165,1.072,0.08199655,-99.99
OGLE-GD-DSCT-0519,singlemode,101.77392,6.236389,16.519,17.761,1.242,0.10189436,-99.99
OGLE-GD-DSCT-0520,singlemode,101.79138,-1.388417,17.34,18.846,1.506,0.08190335,-99.99
OGLE-GD-DSCT-0521,singlemode,101.792745,0.693583,15.47,16.702,1.232,0.10925914,-99.99
OGLE-GD-DSCT-0522,singlemode,101.811,-2.095361,16.975,18.682,1.707,0.09877912,-99.99
OGLE-GD-DSCT-0523,multimode,101.824215,-1.173083,16.042,17.286,1.244,0.1105327,0.08917827
OGLE-GD-DSCT-0524,multimode,101.824995,6.167583,14.341,15.288,0.947,0.12671519,0.14258489
OGLE-GD-DSCT-0525,singlemode,101.909505,9.099806,13.981,14.697,0.716,0.12457761,-99.99
OGLE-GD-DSCT-0526,multimode,101.944995,-7.807389,15.068,15.928,0.86,0.08111,0.10514858
OGLE-GD-DSCT-0527,multimode,101.94783,2.068472,16.771,17.89,1.119,0.06347878,0.05010919
OGLE-GD-DSCT-0528,singlemode,101.94954,-12.484611,14.81,15.696,0.886,0.09572196,-99.99
OGLE-GD-DSCT-0529,multimode,102.065205,-7.406722,15.299,16.268,0.969,0.11375922,0.08824941
OGLE-GD-DSCT-0530,singlemode,102.06858,4.941639,15.351,16.504,1.153,0.07418228,-99.99
OGLE-GD-DSCT-0531,multimode,102.098715,6.085028,13.882,14.713,0.831,0.15753908,0.12058269
OGLE-GD-DSCT-0532,singlemode,102.104715,0.423694,14.085,15.086,1.001,0.09972918,-99.99
OGLE-GD-DSCT-0533,multimode,102.148125,-13.087278,13.937,14.734,0.797,0.15224519,0.11843705
OGLE-GD-DSCT-0534,singlemode,102.179715,-8.57125,14.558,15.484,0.926,0.09214284,-99.99
OGLE-GD-DSCT-0535,multimode,102.26766,2.202917,16.186,17.267,1.081,0.07725007,0.07239565
OGLE-GD-DSCT-0536,singlemode,102.28809,-10.36425,16.111,17.252,1.141,0.10283925,-99.99
OGLE-GD-DSCT-0537,multimode,102.29121,-6.64625,15.27,16.089,0.819,0.12138934,0.11937672
OGLE-GD-DSCT-0538,multimode,102.298035,-8.402306,15.863,16.853,0.99,0.12951557,0.09966318
OGLE-GD-DSCT-0539,multimode,102.31371,-5.805139,15.518,16.643,1.125,0.13260401,0.17320672
OGLE-GD-DSCT-0540,singlemode,102.33654,-12.296028,15.354,16.405,1.051,0.08568701,-99.99
OGLE-GD-DSCT-0541,singlemode,102.345705,-6.651333,13.716,14.431,0.715,0.15158978,-99.99
OGLE-GD-DSCT-0542,singlemode,102.40416,-7.122306,15.674,16.779,1.105,0.07326741,-99.99
OGLE-GD-DSCT-0543,singlemode,102.40587,-3.489778,17.968,19.851,1.883,0.09281956,-99.99
OGLE-GD-DSCT-0544,singlemode,102.461535,-8.448722,14.598,15.441,0.843,0.09069192,-99.99
OGLE-GD-DSCT-0545,singlemode,102.54342,4.623806,17.067,18.35,1.283,0.07363192,-99.99
OGLE-GD-DSCT-0546,singlemode,102.547125,-7.745611,13.515,14.441,0.926,0.09804793,-99.99
OGLE-GD-DSCT-0547,singlemode,102.62358,-8.724056,15.025,15.941,0.916,0.09922841,-99.99
OGLE-GD-DSCT-0548,singlemode,102.63462,-11.151028,14.423,15.635,1.212,0.1037573,-99.99
OGLE-GD-DSCT-0549,multimode,102.6705,3.338472,16.844,18.299,1.455,0.12971468,0.10051731
OGLE-GD-DSCT-0550,multimode,102.70812,-0.662056,13.44,14.215,0.775,0.07224773,0.09345104
OGLE-GD-DSCT-0551,singlemode,102.71046,7.192167,16.396,17.352,0.956,0.16416449,-99.99
OGLE-GD-DSCT-0552,singlemode,102.740535,3.613556,15.711,17.164,1.453,0.1079244,-99.99
OGLE-GD-DSCT-0553,singlemode,102.81159,7.526333,14.628,15.258,0.63,0.0810215,-99.99
OGLE-GD-DSCT-0554,multimode,102.83016,-8.680639,14.443,15.479,1.036,0.09899183,0.12434809
OGLE-GD-DSCT-0555,singlemode,102.84783,-1.526917,17.801,18.909,1.108,0.06330687,-99.99
OGLE-GD-DSCT-0556,multimode,102.860715,2.296222,11.889,12.618,0.729,0.17762739,0.13399951
OGLE-GD-DSCT-0557,singlemode,102.935955,-12.979472,16.258,17.133,0.875,0.08647233,-99.99
OGLE-GD-DSCT-0558,multimode,102.943965,0.26825,16.614,17.975,1.361,0.08482862,0.06714322
OGLE-GD-DSCT-0559,multimode,102.958995,-7.677778,14.658,15.72,1.062,0.1212029,0.13015123
OGLE-GD-DSCT-0560,singlemode,102.97983,-6.434028,16.86,18.41,1.55,0.07086729,-99.99
OGLE-GD-DSCT-0561,singlemode,102.984045,0.895278,16.639,17.885,1.246,0.08063303,-99.99
OGLE-GD-DSCT-0562,multimode,103.020465,-8.200306,11.818,12.507,0.689,0.13942018,0.14130253
OGLE-GD-DSCT-0563,singlemode,103.052745,-9.078722,17.486,18.503,1.017,0.06277714,-99.99
OGLE-GD-DSCT-0564,singlemode,103.071255,-6.65875,15.152,16.092,0.94,0.16689353,-99.99
OGLE-GD-DSCT-0565,singlemode,103.10304,-14.9845,16.265,17.31,1.045,0.08701396,-99.99
OGLE-GD-DSCT-0566,singlemode,103.115715,-13.715444,16.582,17.415,0.833,0.06902939,-99.99
OGLE-GD-DSCT-0567,singlemode,103.11621,-7.006722,17.24,18.584,1.344,0.09374885,-99.99
OGLE-GD-DSCT-0568,singlemode,103.129965,-11.573778,15.531,16.713,1.182,0.07439651,-99.99
OGLE-GD-DSCT-0569,singlemode,103.1415,-16.338833,17.339,18.474,1.135,0.06100025,-99.99
OGLE-GD-DSCT-0570,multimode,103.152255,-11.971667,17.837,18.978,1.141,0.0701938,0.05457144
OGLE-GD-DSCT-0571,multimode,103.167465,-9.055944,11.869,12.448,0.579,0.11560339,0.11015989
OGLE-GD-DSCT-0572,multimode,103.191915,-16.879833,16.362,17.357,0.995,0.1071427,0.10700494
OGLE-GD-DSCT-0573,multimode,103.19658,-9.051861,17.291,18.359,1.068,0.09385503,0.07268911
OGLE-GD-DSCT-0574,singlemode,103.21404,-11.875972,15.98,17.502,1.522,0.07178006,-99.99
OGLE-GD-DSCT-0575,singlemode,103.223085,-0.610833,15.757,16.665,0.908,0.06420913,-99.99
OGLE-GD-DSCT-0576,multimode,103.23162,1.71575,13.848,14.756,0.908,0.09644763,0.11854378
OGLE-GD-DSCT-0577,singlemode,103.236705,-12.141417,16.738,17.963,1.225,0.09976586,-99.99
OGLE-GD-DSCT-0578,singlemode,103.295535,-9.374722,13.817,14.755,0.938,0.12302771,-99.99
OGLE-GD-DSCT-0579,singlemode,103.29633,-11.903056,16.809,18.148,1.339,0.07854734,-99.99
OGLE-GD-DSCT-0580,singlemode,103.302045,-9.837083,16.097,17.234,1.137,0.07401777,-99.99
OGLE-GD-DSCT-0581,singlemode,103.305285,2.222611,14.46,15.466,1.006,0.08585757,-99.99
OGLE-GD-DSCT-0582,singlemode,103.30638,0.722806,15.079,16.091,1.012,0.07600237,-99.99
OGLE-GD-DSCT-0583,singlemode,103.418505,4.965278,15.192,16.655,1.463,0.13723886,-99.99
OGLE-GD-DSCT-0584,singlemode,103.42029,-1.062667,13.312,14.209,0.897,0.16587136,-99.99
OGLE-GD-DSCT-0585,multimode,103.44279,-17.106917,14.033,15.078,1.045,0.11049222,0.14149253
OGLE-GD-DSCT-0586,singlemode,103.453335,-1.916917,15.725,16.812,1.087,0.15130453,-99.99
OGLE-GD-DSCT-0587,singlemode,103.453995,3.6735,18.179,20.625,2.446,0.08810077,-99.99
OGLE-GD-DSCT-0588,multimode,103.460415,-13.00475,13.654,14.682,1.028,0.14432489,0.12594376
OGLE-GD-DSCT-0589,multimode,103.462755,-3.561528,15.338,16.307,0.969,0.11787382,0.15283979
OGLE-GD-DSCT-0590,singlemode,103.49541,-3.773139,16.576,18.091,1.515,0.10501996,-99.99
OGLE-GD-DSCT-0591,multimode,103.53141,5.07625,13.01,13.893,0.883,0.10114655,0.07807166
OGLE-GD-DSCT-0592,singlemode,103.536,2.587611,18.601,20.15,1.549,0.12083967,-99.99
OGLE-GD-DSCT-0593,singlemode,103.54758,-11.262639,17.223,18.522,1.299,0.06605766,-99.99
OGLE-GD-DSCT-0594,singlemode,103.569045,-7.681639,16.278,17.415,1.137,0.08900285,-99.99
OGLE-GD-DSCT-0595,singlemode,103.59417,-1.693194,15.58,16.599,1.019,0.14085016,-99.99
OGLE-GD-DSCT-0596,singlemode,103.60488,-3.752,15.127,16.839,1.712,0.12559803,-99.99
OGLE-GD-DSCT-0597,singlemode,103.605495,3.157861,16.273,17.728,1.455,0.10192122,-99.99
OGLE-GD-DSCT-0598,singlemode,103.61025,-13.434528,16.279,17.302,1.023,0.11947993,-99.99
OGLE-GD-DSCT-0599,singlemode,103.61217,0.698194,16.741,17.946,1.205,0.0845613,-99.99
OGLE-GD-DSCT-0600,singlemode,103.660665,-6.103806,16.84,18.346,1.506,0.0740241,-99.99
OGLE-GD-DSCT-0601,multimode,103.683375,-7.742111,15.43,16.409,0.979,0.06240864,0.0631288
OGLE-GD-DSCT-0602,singlemode,103.68984,1.776528,16.005,17.068,1.063,0.08651769,-99.99
OGLE-GD-DSCT-0603,singlemode,103.70841,-8.561472,16.152,17.277,1.125,0.11382387,-99.99
OGLE-GD-DSCT-0604,multimode,103.71534,2.275861,14.064,15.086,1.022,0.13274096,0.13165862
OGLE-GD-DSCT-0605,multimode,103.720215,0.919778,15.191,16.154,0.963,0.11049635,0.1095497
OGLE-GD-DSCT-0606,singlemode,103.72554,2.498694,15.266,16.22,0.954,0.10114367,-99.99
OGLE-GD-DSCT-0607,singlemode,103.74837,-5.715306,15.034,16.356,1.322,0.11254017,-99.99
OGLE-GD-DSCT-0608,singlemode,103.780125,-8.554667,15.997,17.189,1.192,0.10198131,-99.99
OGLE-GD-DSCT-0609,singlemode,103.872,-14.315361,17.02,18.019,0.999,0.09756579,-99.99
OGLE-GD-DSCT-0610,singlemode,103.91691,-11.526639,16.252,17.92,1.668,0.12118433,-99.99
OGLE-GD-DSCT-0611,multimode,103.922715,1.291444,15.518,16.471,0.953,0.06665413,0.08642082
OGLE-GD-DSCT-0612,multimode,103.945335,-2.293972,15.983,17.604,1.621,0.14028398,0.09377063
OGLE-GD-DSCT-0613,singlemode,103.961625,-9.525028,15.106,16.228,1.122,0.14785008,-99.99
OGLE-GD-DSCT-0614,singlemode,104.053335,4.686389,14.137,15.05,0.913,0.0969714,-99.99
OGLE-GD-DSCT-0615,singlemode,104.098125,-7.406639,16.108,17.282,1.174,0.08492366,-99.99
OGLE-GD-DSCT-0616,singlemode,104.101335,0.426139,16.41,17.835,1.425,0.13215589,-99.99
OGLE-GD-DSCT-0617,multimode,104.10663,-2.846417,17.115,18.6,1.485,0.12099923,0.09498819
OGLE-GD-DSCT-0618,singlemode,104.11308,-0.78675,13.686,14.949,1.263,0.12846605,-99.99
OGLE-GD-DSCT-0619,multimode,104.135955,4.304972,14.909,15.997,1.088,0.13327069,0.13392715
OGLE-GD-DSCT-0620,multimode,104.216415,5.894833,16.033,16.785,0.752,0.09700127,0.0955885
OGLE-GD-DSCT-0621,singlemode,104.221755,4.130194,13.861,14.815,0.954,0.08458352,-99.99
OGLE-GD-DSCT-0622,singlemode,104.226465,-2.804472,15.765,17.501,1.736,0.16022414,-99.99
OGLE-GD-DSCT-0623,multimode,104.268465,-8.558667,15.992,17.629,1.637,0.12992842,0.09998667
OGLE-GD-DSCT-0624,singlemode,104.293125,-11.40325,15.788,17.26,1.472,0.0795727,-99.99
OGLE-GD-DSCT-0625,singlemode,104.33529,-4.892972,17.628,19.415,1.787,0.08378507,-99.99
OGLE-GD-DSCT-0626,multimode,104.352045,-2.621333,15.436,17.031,1.595,0.1641938,0.13208635
OGLE-GD-DSCT-0627,singlemode,104.372715,-3.303028,17.311,18.841,1.53,0.08080346,-99.99
OGLE-GD-DSCT-0628,singlemode,104.44929,-18.154222,14.663,15.765,1.102,0.07273047,-99.99
OGLE-GD-DSCT-0629,singlemode,104.45967,1.621306,16.961,18.022,1.061,0.08516426,-99.99
OGLE-GD-DSCT-0630,singlemode,104.46192,-18.946667,12.829,13.521,0.692,0.13115199,-99.99
OGLE-GD-DSCT-0631,singlemode,104.508285,-5.316972,17.137,18.755,1.618,0.09811776,-99.99
OGLE-GD-DSCT-0632,multimode,104.51883,-5.106111,14.684,15.636,0.952,0.06715603,0.06578623
OGLE-GD-DSCT-0633,singlemode,104.564505,-12.609722,17.435,18.606,1.171,0.07373667,-99.99
OGLE-GD-DSCT-0634,multimode,104.57634,-2.318944,16.802,18.112,1.31,0.09357905,0.07247291
OGLE-GD-DSCT-0635,singlemode,104.612715,-2.298056,14.75,15.62,0.87,0.0975621,-99.99
OGLE-GD-DSCT-0636,singlemode,104.647785,-16.06875,16.544,17.579,1.035,0.12575993,-99.99
OGLE-GD-DSCT-0637,singlemode,104.72016,-10.868417,15.192,16.167,0.975,0.12587604,-99.99
OGLE-GD-DSCT-0638,singlemode,104.76642,-5.760472,12.416,13.025,0.609,0.09467579,-99.99
OGLE-GD-DSCT-0639,multimode,104.76909,-15.57675,13.793,14.473,0.68,0.17454004,0.1747205
OGLE-GD-DSCT-0640,singlemode,104.776755,-4.346194,14.894,16.558,1.664,0.09972518,-99.99
OGLE-GD-DSCT-0641,singlemode,104.79117,-2.976917,14.982,15.989,1.007,0.09703646,-99.99
OGLE-GD-DSCT-0642,multimode,104.81208,-9.546556,11.719,12.466,0.747,0.12076315,0.13279572
OGLE-GD-DSCT-0643,singlemode,104.82009,0.837306,16.627,17.741,1.114,0.077589,-99.99
OGLE-GD-DSCT-0644,singlemode,104.836035,-15.732722,17.285,18.324,1.039,0.07642518,-99.99
OGLE-GD-DSCT-0645,singlemode,104.83659,-15.43975,15.483,16.341,0.858,0.0956709,-99.99
OGLE-GD-DSCT-0646,singlemode,104.839995,-8.599917,15.863,17.06,1.197,0.08350478,-99.99
OGLE-GD-DSCT-0647,singlemode,104.88954,-4.936722,12.538,13.171,0.633,0.09081996,-99.99
OGLE-GD-DSCT-0648,singlemode,104.92317,-0.797944,14.636,15.394,0.758,0.08908751,-99.99
OGLE-GD-DSCT-0649,singlemode,104.932875,-13.358972,17.01,17.998,0.988,0.07318897,-99.99
OGLE-GD-DSCT-0650,singlemode,104.97141,-2.417639,15.577,16.501,0.924,0.06298064,-99.99
OGLE-GD-DSCT-0651,singlemode,105.030585,-16.828139,16.237,17.268,1.031,0.11432259,-99.99
OGLE-GD-DSCT-0652,singlemode,105.056835,-7.115139,16.405,17.792,1.387,0.08727525,-99.99
OGLE-GD-DSCT-0653,singlemode,105.072495,-17.765833,13.877,14.577,0.7,0.12055764,-99.99
OGLE-GD-DSCT-0654,singlemode,105.07263,-18.94325,16.001,16.788,0.787,0.10226396,-99.99
OGLE-GD-DSCT-0655,singlemode,105.090285,-5.758944,16.489,17.925,1.436,0.09021831,-99.99
OGLE-GD-DSCT-0656,singlemode,105.09792,-0.151583,18.531,19.586,1.055,0.05145327,-99.99
OGLE-GD-DSCT-0657,singlemode,105.118035,-8.487194,16.58,17.96,1.38,0.13304424,-99.99
OGLE-GD-DSCT-0658,singlemode,105.118545,0.96025,16.299,17.215,0.916,0.09455155,-99.99
OGLE-GD-DSCT-0659,singlemode,105.127455,-1.046806,13.682,14.308,0.626,0.06967581,-99.99
OGLE-GD-DSCT-0660,multimode,105.12933,-16.954778,11.482,12.15,0.668,0.07756855,0.09153528
OGLE-GD-DSCT-0661,singlemode,105.13854,-12.988639,11.942,12.711,0.769,0.08991439,-99.99
OGLE-GD-DSCT-0662,multimode,105.217215,-14.626,15.802,17.045,1.243,0.1649569,0.15761144
OGLE-GD-DSCT-0663,singlemode,105.24642,-14.934278,14.293,15.302,1.009,0.09849694,-99.99
OGLE-GD-DSCT-0664,multimode,105.268455,-6.355944,15.633,16.732,1.099,0.08280715,0.06440366
OGLE-GD-DSCT-0665,singlemode,105.278415,-17.926,16.021,16.821,0.8,0.09041693,-99.99
OGLE-GD-DSCT-0666,multimode,105.28587,-15.186472,16.788,17.83,1.042,0.0936112,0.07234628
OGLE-GD-DSCT-0667,multimode,105.288,-18.219,16.431,17.223,0.792,0.10753448,0.08313496
OGLE-GD-DSCT-0668,singlemode,105.302625,-20.327639,17.288,18.175,0.887,0.07196713,-99.99
OGLE-GD-DSCT-0669,singlemode,105.30741,-18.788417,16.379,17.29,0.911,0.08509064,-99.99
OGLE-GD-DSCT-0670,multimode,105.34275,-18.577528,12.703,13.513,0.81,0.1941804,0.25589361
OGLE-GD-DSCT-0671,singlemode,105.37062,-13.670611,18.138,19.179,1.041,0.08428079,-99.99
OGLE-GD-DSCT-0672,singlemode,105.37266,-10.396028,16.617,17.728,1.111,0.06968421,-99.99
OGLE-GD-DSCT-0673,multimode,105.39759,-0.039778,14.668,15.518,0.85,0.1194034,0.06476415
OGLE-GD-DSCT-0674,singlemode,105.40137,-12.490056,16.086,17.214,1.128,0.07895159,-99.99
OGLE-GD-DSCT-0675,singlemode,105.408495,-11.364694,15.682,17.162,1.48,0.1318018,-99.99
OGLE-GD-DSCT-0676,singlemode,105.410295,-20.863861,15.809,16.534,0.725,0.07830185,-99.99
OGLE-GD-DSCT-0677,multimode,105.411465,-5.496861,13.061,13.694,0.633,0.13071306,0.12521366
OGLE-GD-DSCT-0678,singlemode,105.41409,-1.981833,12.077,12.591,0.514,0.10897183,-99.99
OGLE-GD-DSCT-0679,singlemode,105.437085,-6.645694,16.385,17.901,1.516,0.09304689,-99.99
OGLE-GD-DSCT-0680,singlemode,105.45363,-1.048361,15.247,16.087,0.84,0.08205769,-99.99
OGLE-GD-DSCT-0681,singlemode,105.472965,-18.30075,16.851,17.97,1.119,0.18935812,-99.99
OGLE-GD-DSCT-0682,singlemode,105.50541,-20.631167,15.055,15.904,0.849,0.09259083,-99.99
OGLE-GD-DSCT-0683,singlemode,105.553995,-15.991806,12.86,13.769,0.909,0.06626236,-99.99
OGLE-GD-DSCT-0684,singlemode,105.55404,-14.879583,17.103,18.191,1.088,0.09837407,-99.99
OGLE-GD-DSCT-0685,singlemode,105.557295,1.180833,13.486,14.139,0.653,0.14207061,-99.99
OGLE-GD-DSCT-0686,singlemode,105.60534,-5.610583,15.972,17.196,1.224,0.09133833,-99.99
OGLE-GD-DSCT-0687,singlemode,105.610035,-7.735083,13.061,13.821,0.76,0.11668066,-99.99
OGLE-GD-DSCT-0688,multimode,105.64125,2.266194,15.223,15.94,0.717,0.09031091,0.08418683
OGLE-GD-DSCT-0689,multimode,105.684375,-12.577944,13.194,14.084,0.89,0.04866699,0.04854103
OGLE-GD-DSCT-0690,multimode,105.694005,-18.556611,13.323,14.112,0.789,0.07714872,0.08607006
OGLE-GD-DSCT-0691,singlemode,105.697335,-19.704111,16.909,17.76,0.851,0.07972995,-99.99
OGLE-GD-DSCT-0692,multimode,105.718455,-0.915583,13.786,14.597,0.811,0.14220927,0.14446437
OGLE-GD-DSCT-0693,multimode,105.726045,-5.666667,14.132,15.041,0.909,0.14409635,0.13316015
OGLE-GD-DSCT-0694,singlemode,105.766665,-13.085194,17.335,18.336,1.001,0.08522095,-99.99
OGLE-GD-DSCT-0695,multimode,105.777705,-14.14125,15.723,16.442,0.719,0.09357926,0.09098837
OGLE-GD-DSCT-0696,singlemode,105.79716,-8.946528,16.2,17.466,1.266,0.12122787,-99.99
OGLE-GD-DSCT-0697,singlemode,105.819165,-18.712972,15.31,16.078,0.768,0.10459621,-99.99
OGLE-GD-DSCT-0698,singlemode,105.820035,-18.77,18.794,21.36,2.566,0.08070471,-99.99
OGLE-GD-DSCT-0699,singlemode,105.822585,-11.729639,15.643,17.675,2.032,0.1493402,-99.99
OGLE-GD-DSCT-0700,multimode,105.87459,-20.274083,16.131,17.184,1.053,0.12286841,0.11480401
OGLE-GD-DSCT-0701,multimode,105.87675,-2.079806,15.715,16.582,0.867,0.11302177,0.10265769
OGLE-GD-DSCT-0702,singlemode,105.90516,-6.079111,17.471,19.039,1.568,0.0940155,-99.99
OGLE-GD-DSCT-0703,multimode,105.91029,-0.661361,13.639,14.403,0.764,0.09932103,0.09404236
OGLE-GD-DSCT-0704,multimode,105.922665,-18.212333,15.321,16.188,0.867,0.08245828,0.10704715
OGLE-GD-DSCT-0705,singlemode,105.965505,-19.557472,15.976,16.88,0.904,0.11400794,-99.99
OGLE-GD-DSCT-0706,singlemode,105.985875,-6.317222,12.217,12.865,0.648,0.16308022,-99.99
OGLE-GD-DSCT-0707,singlemode,105.98616,-14.035028,12.08,12.635,0.555,0.08843783,-99.99
OGLE-GD-DSCT-0708,singlemode,106.002255,-1.338111,15.686,16.445,0.759,0.0689475,-99.99
OGLE-GD-DSCT-0709,singlemode,106.01829,-13.199667,15.051,15.873,0.822,0.07523382,-99.99
OGLE-GD-DSCT-0710,singlemode,106.023,-2.648278,16.656,18.131,1.475,0.10153006,-99.99
OGLE-GD-DSCT-0711,singlemode,106.03404,-8.4355,18.763,20.73,1.967,0.09853433,-99.99
OGLE-GD-DSCT-0712,singlemode,106.09791,-1.839583,14.243,14.995,0.752,0.1178408,-99.99
OGLE-GD-DSCT-0713,multimode,106.10508,-12.274028,17.411,19.292,1.881,0.10068504,0.07777726
OGLE-GD-DSCT-0714,singlemode,106.10613,-20.347889,15.685,-99.99,-99.99,0.1001738,-99.99
OGLE-GD-DSCT-0715,multimode,106.10916,-11.556361,15.679,16.774,1.095,0.11771866,0.15330847
OGLE-GD-DSCT-0716,singlemode,106.126785,-13.617528,12.287,13.174,0.887,0.09910912,-99.99
OGLE-GD-DSCT-0717,singlemode,106.143495,-20.953694,11.488,12.029,0.541,0.09345808,-99.99
OGLE-GD-DSCT-0718,singlemode,106.155375,-13.051222,16.378,17.388,1.01,0.10179078,-99.99
OGLE-GD-DSCT-0719,multimode,106.186785,-9.482972,15.379,17.156,1.777,0.08854829,0.11287779
OGLE-GD-DSCT-0720,multimode,106.213785,-15.508306,14.694,15.523,0.829,0.12361997,0.12215143
OGLE-GD-DSCT-0721,singlemode,106.237035,-11.060083,16.033,18.179,2.146,0.11948407,-99.99
OGLE-GD-DSCT-0722,singlemode,106.25487,-15.916278,14.807,15.674,0.867,0.08778724,-99.99
OGLE-GD-DSCT-0723,singlemode,106.303965,-4.344139,14.858,15.743,0.885,0.12229052,-99.99
OGLE-GD-DSCT-0724,singlemode,106.316955,-17.139278,17.048,17.823,0.775,0.07019615,-99.99
OGLE-GD-DSCT-0725,singlemode,106.327965,-18.410778,11.192,11.953,0.761,0.18266706,-99.99
OGLE-GD-DSCT-0726,singlemode,106.332,-8.321083,16.221,17.842,1.621,0.12900116,-99.99
OGLE-GD-DSCT-0727,singlemode,106.33437,-3.495972,16.179,17.286,1.107,0.1072053,-99.99
OGLE-GD-DSCT-0728,singlemode,106.33467,-18.25725,15.678,16.631,0.953,0.18938847,-99.99
OGLE-GD-DSCT-0729,singlemode,106.37037,-17.088,11.894,12.46,0.566,0.09009406,-99.99
OGLE-GD-DSCT-0730,multimode,106.387005,-17.512528,14.406,15.527,1.121,0.15237019,0.14856645
OGLE-GD-DSCT-0731,multimode,106.40529,-5.127917,17.002,18.214,1.212,0.10639332,0.08245043
OGLE-GD-DSCT-0732,singlemode,106.40883,-5.579222,14.779,15.415,0.636,0.0951236,-99.99
OGLE-GD-DSCT-0733,singlemode,106.41609,-21.233694,17.2,18.127,0.927,0.08228551,-99.99
OGLE-GD-DSCT-0734,singlemode,106.424085,-2.475972,16.385,17.574,1.189,0.09417732,-99.99
OGLE-GD-DSCT-0735,multimode,106.455915,-20.235778,14.805,15.71,0.905,0.12804904,0.12362582
OGLE-GD-DSCT-0736,singlemode,106.5045,-16.836639,14.106,14.814,0.708,0.11037996,-99.99
OGLE-GD-DSCT-0737,singlemode,106.523415,-21.558306,17.35,18.259,0.909,0.05970389,-99.99
OGLE-GD-DSCT-0738,singlemode,106.52796,-19.349417,16.184,17.333,1.149,0.10424803,-99.99
OGLE-GD-DSCT-0739,singlemode,106.53258,-6.660528,15.417,16.528,1.111,0.1078273,-99.99
OGLE-GD-DSCT-0740,singlemode,106.545915,-18.001472,16.956,17.853,0.897,0.11256262,-99.99
OGLE-GD-DSCT-0741,multimode,106.54875,-3.811889,14.731,15.408,0.677,0.08653483,0.11207355
OGLE-GD-DSCT-0742,singlemode,106.55892,-17.262944,17.374,18.309,0.935,0.09565879,-99.99
OGLE-GD-DSCT-0743,singlemode,106.567245,-3.868528,17.227,18.226,0.999,0.09866565,-99.99
OGLE-GD-DSCT-0744,singlemode,106.57383,-23.730611,16.247,16.902,0.655,0.08552963,-99.99
OGLE-GD-DSCT-0745,singlemode,106.649505,-20.480028,14.199,14.816,0.617,0.08125601,-99.99
OGLE-GD-DSCT-0746,singlemode,106.65138,-0.449667,15.343,16.148,0.805,0.10719887,-99.99
OGLE-GD-DSCT-0747,singlemode,106.660245,-16.306028,17.311,17.952,0.641,0.04659182,-99.99
OGLE-GD-DSCT-0748,singlemode,106.67346,-23.482139,15.53,16.112,0.582,0.10116256,-99.99
OGLE-GD-DSCT-0749,singlemode,106.717995,-12.158528,16.567,17.411,0.844,0.06845647,-99.99
OGLE-GD-DSCT-0750,multimode,106.725375,-22.523861,14.401,15.014,0.613,0.10331859,0.08009666
OGLE-GD-DSCT-0751,multimode,106.764285,-8.526083,15.044,16.253,1.209,0.10495934,0.08164777
OGLE-GD-DSCT-0752,multimode,106.78758,-16.693306,13.632,14.193,0.561,0.08281659,0.06415025
OGLE-GD-DSCT-0753,singlemode,106.79517,-4.282639,14.174,14.856,0.682,0.08547951,-99.99
OGLE-GD-DSCT-0754,singlemode,106.824,-23.926,15.84,16.646,0.806,0.06311541,-99.99
OGLE-GD-DSCT-0755,singlemode,106.824915,-15.258306,16.423,17.234,0.811,0.22161902,-99.99
OGLE-GD-DSCT-0756,singlemode,106.83834,-5.805694,14.131,14.775,0.644,0.09514603,-99.99
OGLE-GD-DSCT-0757,singlemode,106.875795,-22.301833,16.491,17.342,0.851,0.0900427,-99.99
OGLE-GD-DSCT-0758,multimode,106.93629,-20.569472,15.719,17.15,1.431,0.12443042,0.19918235
OGLE-GD-DSCT-0759,singlemode,106.96041,-7.026083,13.838,14.604,0.766,0.09270023,-99.99
OGLE-GD-DSCT-0760,singlemode,106.98021,-15.906444,15.863,16.767,0.904,0.0941849,-99.99
OGLE-GD-DSCT-0761,singlemode,106.98579,-18.012778,15.806,16.527,0.721,0.09763388,-99.99
OGLE-GD-DSCT-0762,multimode,107.09691,-2.868278,12.328,12.734,0.406,0.06269585,0.04853616
OGLE-GD-DSCT-0763,multimode,107.10042,-5.936444,13.389,14.032,0.643,0.12040709,0.11677815
OGLE-GD-DSCT-0764,singlemode,107.11242,-11.646472,14.93,15.803,0.873,0.08741298,-99.99
OGLE-GD-DSCT-0765,singlemode,107.12016,-13.886083,14.442,-99.99,-99.99,0.07062041,-99.99
OGLE-GD-DSCT-0766,multimode,107.141085,-20.377583,16.398,17.193,0.795,0.0725398,0.05623465
OGLE-GD-DSCT-0767,multimode,107.16141,-19.959333,13.575,14.312,0.737,0.097279,0.08731725
OGLE-GD-DSCT-0768,singlemode,107.16858,-23.038056,18.125,-99.99,-99.99,0.08564515,-99.99
OGLE-GD-DSCT-0769,singlemode,107.18229,-16.793056,15.725,16.464,0.739,0.08904485,-99.99
OGLE-GD-DSCT-0770,multimode,107.21904,-9.091361,15.226,16.434,1.208,0.13818617,0.10959383
OGLE-GD-DSCT-0771,singlemode,107.22933,-12.869194,18.006,19.322,1.316,0.07013179,-99.99
OGLE-GD-DSCT-0772,multimode,107.233215,-20.007417,12.432,13.199,0.767,0.11830514,0.135734
OGLE-GD-DSCT-0773,singlemode,107.24679,-16.216639,16.197,17.109,0.912,0.14647077,-99.99
OGLE-GD-DSCT-0774,singlemode,107.257785,-18.21225,17.51,18.499,0.989,0.08082999,-99.99
OGLE-GD-DSCT-0775,singlemode,107.258505,-17.481417,16.858,17.885,1.027,0.06474147,-99.99
OGLE-GD-DSCT-0776,singlemode,107.258715,-18.675917,17.102,18.174,1.072,0.07136474,-99.99
OGLE-GD-DSCT-0777,singlemode,107.266875,-3.328444,14.037,14.555,0.518,0.12565502,-99.99
OGLE-GD-DSCT-0778,multimode,107.277375,-23.105444,15.613,16.186,0.573,0.07185205,0.05560152
OGLE-GD-DSCT-0779,singlemode,107.306835,-13.437361,15.438,16.514,1.076,0.07778364,-99.99
OGLE-GD-DSCT-0780,multimode,107.3175,-13.054972,15.009,16.433,1.424,0.10652036,0.13077892
OGLE-GD-DSCT-0781,singlemode,107.321835,-14.712194,17.306,18.541,1.235,0.05655197,-99.99
OGLE-GD-DSCT-0782,singlemode,107.3235,-22.87875,14.547,15.258,0.711,0.0802649,-99.99
OGLE-GD-DSCT-0783,multimode,107.349165,-22.305917,15.286,15.953,0.667,0.10212518,0.1043213
OGLE-GD-DSCT-0784,singlemode,107.38917,-15.582333,17.928,19.73,1.802,0.10621906,-99.99
OGLE-GD-DSCT-0785,singlemode,107.402205,-15.485,17.263,18.357,1.094,0.07739921,-99.99
OGLE-GD-DSCT-0786,multimode,107.41275,-3.713,15.067,15.801,0.734,0.15052754,0.11541641
OGLE-GD-DSCT-0787,multimode,107.41446,-11.040056,14.61,15.893,1.283,0.12862517,0.12264444
OGLE-GD-DSCT-0788,singlemode,107.42388,-13.794083,17.109,18.131,1.022,0.04536974,-99.99
OGLE-GD-DSCT-0789,singlemode,107.428005,-2.865722,14.271,14.868,0.597,0.0957837,-99.99
OGLE-GD-DSCT-0790,singlemode,107.464215,-13.665389,16.843,18.184,1.341,0.17985079,-99.99
OGLE-GD-DSCT-0791,multimode,107.49054,-18.4935,13.851,14.737,0.886,0.17037887,0.17691703
OGLE-GD-DSCT-0792,singlemode,107.52342,-4.589583,13.86,14.495,0.635,0.13330774,-99.99
OGLE-GD-DSCT-0793,singlemode,107.546295,-20.527306,13.573,14.226,0.653,0.06446649,-99.99
OGLE-GD-DSCT-0794,singlemode,107.549535,-18.441333,14.142,-99.99,-99.99,0.08663875,-99.99
OGLE-GD-DSCT-0795,singlemode,107.57412,-20.457,14.234,15.074,0.84,0.1018734,-99.99
OGLE-GD-DSCT-0796,singlemode,107.59917,-5.080778,15.552,16.145,0.593,0.07096254,-99.99
OGLE-GD-DSCT-0797,singlemode,107.59959,-17.043944,14.195,14.968,0.773,0.12219143,-99.99
OGLE-GD-DSCT-0798,singlemode,107.637705,-4.79475,14.956,15.545,0.589,0.07193234,-99.99
OGLE-GD-DSCT-0799,singlemode,107.64138,-23.0285,13.375,13.908,0.533,0.09621848,-99.99
OGLE-GD-DSCT-0800,singlemode,107.64408,-5.132472,16.544,17.48,0.936,0.07728881,-99.99
OGLE-GD-DSCT-0801,singlemode,107.66013,-13.484417,15.57,16.371,0.801,0.07617414,-99.99
OGLE-GD-DSCT-0802,multimode,107.703,-13.853278,12.894,13.728,0.834,0.12286498,0.10938357
OGLE-GD-DSCT-0803,singlemode,107.705415,-4.81375,13.984,14.633,0.649,0.09676712,-99.99
OGLE-GD-DSCT-0804,singlemode,107.71704,-17.503667,16.59,17.483,0.893,0.07002714,-99.99
OGLE-GD-DSCT-0805,multimode,107.73459,-13.890639,16.732,17.852,1.12,0.09987754,0.07722591
OGLE-GD-DSCT-0806,singlemode,107.73708,-23.711,12.367,12.854,0.487,0.12828187,-99.99
OGLE-GD-DSCT-0807,singlemode,107.806665,-24.248361,16.827,17.497,0.67,0.07588409,-99.99
OGLE-GD-DSCT-0808,singlemode,107.816535,-16.537167,16.294,17.206,0.912,0.06247842,-99.99
OGLE-GD-DSCT-0809,singlemode,107.860545,-9.668222,15.162,16.178,1.016,0.08475196,-99.99
OGLE-GD-DSCT-0810,multimode,107.87409,-16.601778,17.383,18.517,1.134,0.0938939,0.07281987
OGLE-GD-DSCT-0811,singlemode,107.87475,-2.116417,16.103,16.597,0.494,0.0527659,-99.99
OGLE-GD-DSCT-0812,singlemode,107.91984,-22.195306,17.066,18.007,0.941,0.07271964,-99.99
OGLE-GD-DSCT-0813,singlemode,107.931795,-20.632917,17.294,18.805,1.511,0.08296142,-99.99
OGLE-GD-DSCT-0814,multimode,107.98875,-13.714583,14.571,15.478,0.907,0.10262247,0.08796138
OGLE-GD-DSCT-0815,singlemode,108.05058,-7.319944,16.317,17.063,0.746,0.06820832,-99.99
OGLE-GD-DSCT-0816,multimode,108.051795,-4.488917,14.799,15.401,0.602,0.08002467,0.07987037
OGLE-GD-DSCT-0817,multimode,108.06216,-24.17,13.391,13.938,0.547,0.12625104,0.12253977
OGLE-GD-DSCT-0818,singlemode,108.065745,-9.486056,15.107,16.034,0.927,0.1160803,-99.99
OGLE-GD-DSCT-0819,multimode,108.06813,-9.839639,15.195,16.396,1.201,0.0706848,0.07263231
OGLE-GD-DSCT-0820,singlemode,108.09075,-16.011306,16.569,17.933,1.364,0.09977292,-99.99
OGLE-GD-DSCT-0821,multimode,108.11058,-20.664444,16.426,17.682,1.256,0.12909636,0.10094875
OGLE-GD-DSCT-0822,singlemode,108.11859,-17.069306,15.215,16.322,1.107,0.11852179,-99.99
OGLE-GD-DSCT-0823,singlemode,108.12933,-4.335639,13.098,-99.99,-99.99,0.12090085,-99.99
OGLE-GD-DSCT-0824,singlemode,108.133125,-9.33375,16.776,17.874,1.098,0.18869586,-99.99
OGLE-GD-DSCT-0825,multimode,108.147915,-14.555556,13.274,14.092,0.818,0.11868948,0.11629894
OGLE-GD-DSCT-0826,singlemode,108.174705,-7.416667,16.039,16.872,0.833,0.09200887,-99.99
OGLE-GD-DSCT-0827,singlemode,108.176625,-6.981833,16.237,17.246,1.009,0.11759105,-99.99
OGLE-GD-DSCT-0828,singlemode,108.18237,-25.452528,15.339,16.101,0.762,0.06925798,-99.99
OGLE-GD-DSCT-0829,singlemode,108.20583,-10.506917,16.742,18.366,1.624,0.09263692,-99.99
OGLE-GD-DSCT-0830,singlemode,108.264495,-7.293194,16.315,17.347,1.032,0.13612591,-99.99
OGLE-GD-DSCT-0831,multimode,108.298755,-15.820333,14.558,15.638,1.08,0.1308172,0.14118147
OGLE-GD-DSCT-0832,singlemode,108.33237,-17.987194,15.94,17.35,1.41,0.07983446,-99.99
OGLE-GD-DSCT-0833,singlemode,108.474705,-22.397389,15.627,16.599,0.972,0.06537031,-99.99
OGLE-GD-DSCT-0834,singlemode,108.48837,-16.325583,14.56,15.796,1.236,0.10628177,-99.99
OGLE-GD-DSCT-0835,singlemode,108.50379,-21.707639,17.188,18.512,1.324,0.08117959,-99.99
OGLE-GD-DSCT-0836,singlemode,108.513465,-5.050611,14.724,15.406,0.682,0.13375984,-99.99
OGLE-GD-DSCT-0837,multimode,108.559965,-25.898278,17.216,18.091,0.875,0.07912525,0.06126928
OGLE-GD-DSCT-0838,singlemode,108.57375,-14.381417,15.042,15.965,0.923,0.14149151,-99.99
OGLE-GD-DSCT-0839,singlemode,108.57384,-17.225167,17.646,19.196,1.55,0.08475198,-99.99
OGLE-GD-DSCT-0840,multimode,108.583755,-5.033333,14.837,15.439,0.602,0.06095881,0.0469999
OGLE-GD-DSCT-0841,singlemode,108.61158,-20.035056,15.603,16.838,1.235,0.03901395,-99.99
OGLE-GD-DSCT-0842,singlemode,108.65583,-18.585056,17.173,18.751,1.578,0.0946147,-99.99
OGLE-GD-DSCT-0843,multimode,108.66483,-22.581028,16.628,17.548,0.92,0.08773915,0.11385232
OGLE-GD-DSCT-0844,multimode,108.69516,-19.890861,13.505,14.324,0.819,0.11229469,0.10903779
OGLE-GD-DSCT-0845,multimode,108.705285,-6.11275,13.349,14.126,0.777,0.15213508,0.11706407
OGLE-GD-DSCT-0846,multimode,108.760875,-16.394972,13.319,14.197,0.878,0.10988442,0.11202112
OGLE-GD-DSCT-0847,singlemode,108.778545,-5.679611,14.136,14.772,0.636,0.14599374,-99.99
OGLE-GD-DSCT-0848,singlemode,108.787245,-15.415667,16.559,17.79,1.231,0.07880017,-99.99
OGLE-GD-DSCT-0849,singlemode,108.78792,-12.631889,14.6,15.622,1.022,0.07021892,-99.99
OGLE-GD-DSCT-0850,singlemode,108.81288,-26.044472,16.29,17.11,0.82,0.09469995,-99.99
OGLE-GD-DSCT-0851,multimode,108.81729,-22.830167,15.061,15.883,0.822,0.13314236,0.12880425
OGLE-GD-DSCT-0852,multimode,108.83238,-10.723694,16.779,18.084,1.305,0.08798319,0.11378045
OGLE-GD-DSCT-0853,singlemode,108.837,-27.628278,15.423,15.943,0.52,0.09787892,-99.99
OGLE-GD-DSCT-0854,singlemode,108.838125,-21.677,16.997,18.206,1.209,0.09250927,-99.99
OGLE-GD-DSCT-0855,singlemode,108.868785,-8.894778,15.748,16.706,0.958,0.11078635,-99.99
OGLE-GD-DSCT-0856,singlemode,108.91488,-25.5145,12.427,13.474,1.047,0.10504983,-99.99
OGLE-GD-DSCT-0857,multimode,108.933165,-6.122278,15.603,16.274,0.671,0.11352591,0.10711105
OGLE-GD-DSCT-0858,singlemode,108.94971,-24.2185,15.228,16.096,0.868,0.07859171,-99.99
OGLE-GD-DSCT-0859,singlemode,108.95313,-19.244389,12.687,13.463,0.776,0.09680793,-99.99
OGLE-GD-DSCT-0860,singlemode,108.97383,-25.254444,14.135,14.9,0.765,0.13307629,-99.99
OGLE-GD-DSCT-0861,singlemode,108.978375,-16.517861,15.366,16.736,1.37,0.1137219,-99.99
OGLE-GD-DSCT-0862,singlemode,109.009035,-15.52775,16.421,17.613,1.192,0.10893846,-99.99
OGLE-GD-DSCT-0863,singlemode,109.02921,-8.243972,13.571,14.141,0.57,0.09518261,-99.99
OGLE-GD-DSCT-0864,multimode,109.062165,-12.802778,14.908,16.009,1.101,0.13313232,0.17388217
OGLE-GD-DSCT-0865,singlemode,109.065915,-4.976361,14.929,-99.99,-99.99,0.12691937,-99.99
OGLE-GD-DSCT-0866,multimode,109.09425,-26.012667,12.947,13.648,0.701,0.16768364,0.14794552
OGLE-GD-DSCT-0867,singlemode,109.106745,-24.518056,16.313,17.062,0.749,0.09080962,-99.99
OGLE-GD-DSCT-0868,singlemode,109.11171,-24.802972,16.181,16.941,0.76,0.06502079,-99.99
OGLE-GD-DSCT-0869,singlemode,109.199535,-14.562028,14.916,16.03,1.114,0.09261182,-99.99
OGLE-GD-DSCT-0870,singlemode,109.24458,-21.540111,15.563,16.394,0.831,0.09548958,-99.99
OGLE-GD-DSCT-0871,singlemode,109.24554,-23.658861,16.783,17.817,1.034,0.09911415,-99.99
OGLE-GD-DSCT-0872,singlemode,109.263585,-20.011556,16.814,17.986,1.172,0.1065439,-99.99
OGLE-GD-DSCT-0873,singlemode,109.27125,-14.319111,15.921,16.866,0.945,0.09004983,-99.99
OGLE-GD-DSCT-0874,singlemode,109.30188,-21.229472,15.432,16.395,0.963,0.07715815,-99.99
OGLE-GD-DSCT-0875,multimode,109.334295,-5.986139,13.257,13.911,0.654,0.15780149,0.16165969
OGLE-GD-DSCT-0876,singlemode,109.36341,-19.341861,16.211,17.466,1.255,0.10662274,-99.99
OGLE-GD-DSCT-0877,singlemode,109.36779,-17.050389,14.665,15.528,0.863,0.07681398,-99.99
OGLE-GD-DSCT-0878,singlemode,109.410375,-6.266389,17.824,18.434,0.61,0.03882851,-99.99
OGLE-GD-DSCT-0879,singlemode,109.41516,-19.333278,17.871,19.204,1.333,0.08940625,-99.99
OGLE-GD-DSCT-0880,multimode,109.42788,-11.243333,14.626,15.853,1.227,0.21481869,0.16355827
OGLE-GD-DSCT-0881,singlemode,109.434585,-11.303222,16.587,17.885,1.298,0.07557944,-99.99
OGLE-GD-DSCT-0882,singlemode,109.488285,-22.954917,15.852,16.659,0.807,0.07760598,-99.99
OGLE-GD-DSCT-0883,singlemode,109.488465,-11.865889,14.133,15.001,0.868,0.09385781,-99.99
OGLE-GD-DSCT-0884,multimode,109.490535,-17.703528,16.052,17.937,1.885,0.12777146,0.12456553
OGLE-GD-DSCT-0885,singlemode,109.527,-20.90925,15.71,16.819,1.109,0.09021837,-99.99
OGLE-GD-DSCT-0886,singlemode,109.539495,-21.846389,18.006,20.348,2.342,0.08985481,-99.99
OGLE-GD-DSCT-0887,singlemode,109.56579,-22.182111,15.812,16.804,0.992,0.0529518,-99.99
OGLE-GD-DSCT-0888,singlemode,109.582245,-15.574111,13.213,13.845,0.632,0.07247852,-99.99
OGLE-GD-DSCT-0889,singlemode,109.60542,-17.039361,18.012,20.7,2.688,0.13189183,-99.99
OGLE-GD-DSCT-0890,singlemode,109.62621,-22.115361,16.646,17.776,1.13,0.11817023,-99.99
OGLE-GD-DSCT-0891,singlemode,109.63125,-14.644889,18.065,19.09,1.025,0.06492837,-99.99
OGLE-GD-DSCT-0892,singlemode,109.64454,-5.798361,16.181,16.866,0.685,0.08629158,-99.99
OGLE-GD-DSCT-0893,singlemode,109.668585,-9.313306,16.391,17.428,1.037,0.10139337,-99.99
OGLE-GD-DSCT-0894,singlemode,109.67358,-12.790139,14.655,15.613,0.958,0.09179141,-99.99
OGLE-GD-DSCT-0895,singlemode,109.69113,-26.826389,16.999,17.856,0.857,0.09465951,-99.99
OGLE-GD-DSCT-0896,singlemode,109.693245,-27.420583,16.129,16.862,0.733,0.09413378,-99.99
OGLE-GD-DSCT-0897,multimode,109.69596,-11.908139,16.608,17.55,0.942,0.07715003,0.05951117
OGLE-GD-DSCT-0898,multimode,109.69608,-21.126778,15.864,16.941,1.077,0.09980359,0.07722232
OGLE-GD-DSCT-0899,multimode,109.698285,-20.334306,13.475,14.341,0.866,0.14992621,0.14249691
OGLE-GD-DSCT-0900,singlemode,109.816215,-27.646528,16.879,17.524,0.645,0.08550483,-99.99
OGLE-GD-DSCT-0901,singlemode,109.831665,-10.932278,15.797,16.889,1.092,0.09131791,-99.99
OGLE-GD-DSCT-0902,singlemode,109.860795,-25.773833,16.466,17.122,0.656,0.07607363,-99.99
OGLE-GD-DSCT-0903,multimode,109.87137,-19.642583,13.218,13.876,0.658,0.10844988,0.11558164
OGLE-GD-DSCT-0904,singlemode,109.879755,-29.139611,15.591,16.156,0.565,0.07471664,-99.99
OGLE-GD-DSCT-0905,singlemode,109.921335,-9.222056,11.466,11.872,0.406,0.09159485,-99.99
OGLE-GD-DSCT-0906,singlemode,109.925715,-12.575056,17.291,18.629,1.338,0.07179672,-99.99
OGLE-GD-DSCT-0907,singlemode,109.96425,-20.301222,14.636,-99.99,-99.99,0.18612833,-99.99
OGLE-GD-DSCT-0908,singlemode,109.967505,-6.898583,15.35,16.109,0.759,0.10780744,-99.99
OGLE-GD-DSCT-0909,singlemode,110.000745,-27.583028,16.997,17.704,0.707,0.08746326,-99.99
OGLE-GD-DSCT-0910,multimode,110.06391,-19.000972,16.884,17.919,1.035,0.08507766,0.11050067
OGLE-GD-DSCT-0911,multimode,110.065335,-10.754972,17.596,18.876,1.28,0.09812588,0.07623975
OGLE-GD-DSCT-0912,multimode,110.09388,-18.243861,14.791,15.918,1.127,0.14577705,0.12307518
OGLE-GD-DSCT-0913,singlemode,110.10162,-9.551528,17.724,19.984,2.26,0.07356497,-99.99
OGLE-GD-DSCT-0914,singlemode,110.11233,-6.392417,17.293,18.091,0.798,0.06948778,-99.99
OGLE-GD-DSCT-0915,singlemode,110.125665,-18.36925,17.009,18.412,1.403,0.13050734,-99.99
OGLE-GD-DSCT-0916,singlemode,110.15091,-12.153722,15.971,16.905,0.934,0.08165387,-99.99
OGLE-GD-DSCT-0917,singlemode,110.178795,-22.039194,17.208,18.604,1.396,0.0925946,-99.99
OGLE-GD-DSCT-0918,singlemode,110.188755,-24.022611,14.405,15.621,1.216,0.0846146,-99.99
OGLE-GD-DSCT-0919,multimode,110.19075,-18.7575,13.011,13.746,0.735,0.12927991,0.13353907
OGLE-GD-DSCT-0920,singlemode,110.224785,-24.960167,17.059,17.904,0.845,0.05549784,-99.99
OGLE-GD-DSCT-0921,singlemode,110.28762,-22.622972,17.696,19.18,1.484,0.06317719,-99.99
OGLE-GD-DSCT-0922,singlemode,110.30259,-22.298639,16.688,18.451,1.763,0.06836416,-99.99
OGLE-GD-DSCT-0923,multimode,110.330085,-15.371333,12.071,12.654,0.583,0.13373934,0.13210371
OGLE-GD-DSCT-0924,singlemode,110.33517,-20.545778,17.188,18.369,1.181,0.0682618,-99.99
OGLE-GD-DSCT-0925,multimode,110.344875,-10.855639,13.978,14.909,0.931,0.14099071,0.11697555
OGLE-GD-DSCT-0926,singlemode,110.35392,-14.10975,16.614,17.62,1.006,0.06969945,-99.99
OGLE-GD-DSCT-0927,singlemode,110.362005,-24.828056,17.004,17.981,0.977,0.07126271,-99.99
OGLE-GD-DSCT-0928,singlemode,110.388165,-25.795833,16.891,17.852,0.961,0.09021629,-99.99
OGLE-GD-DSCT-0929,singlemode,110.424495,-26.709778,16.823,17.641,0.818,0.06663362,-99.99
OGLE-GD-DSCT-0930,singlemode,110.532,-27.724139,16.946,17.563,0.617,0.08686505,-99.99
OGLE-GD-DSCT-0931,multimode,110.59488,-18.192944,15.279,16.41,1.131,0.13248401,0.14358407
OGLE-GD-DSCT-0932,singlemode,110.601,-20.998806,14.544,15.364,0.82,0.1031124,-99.99
OGLE-GD-DSCT-0933,singlemode,110.613165,-20.658611,15.13,15.945,0.815,0.06074001,-99.99
OGLE-GD-DSCT-0934,singlemode,110.61921,-25.839472,17.075,17.89,0.815,0.09442343,-99.99
OGLE-GD-DSCT-0935,multimode,110.62842,-16.0355,13.975,14.626,0.651,0.05938019,0.06060944
OGLE-GD-DSCT-0936,singlemode,110.670165,-21.511472,16.28,17.159,0.879,0.08380593,-99.99
OGLE-GD-DSCT-0937,singlemode,110.70546,-10.813083,15.645,16.687,1.042,0.15593498,-99.99
OGLE-GD-DSCT-0938,singlemode,110.72208,-15.892056,16.944,18.621,1.677,0.12981558,-99.99
OGLE-GD-DSCT-0939,multimode,110.7285,-18.736667,14.275,15.099,0.824,0.10791698,0.12772989
OGLE-GD-DSCT-0940,multimode,110.79996,-19.063917,15.051,15.732,0.681,0.06224112,0.08048746
OGLE-GD-DSCT-0941,singlemode,110.81817,-17.111083,16.898,18.44,1.542,0.08536685,-99.99
OGLE-GD-DSCT-0942,singlemode,110.81913,-16.283056,17.475,19.055,1.58,0.08259887,-99.99
OGLE-GD-DSCT-0943,singlemode,110.87229,-27.489778,14.468,14.995,0.527,0.10578413,-99.99
OGLE-GD-DSCT-0944,singlemode,110.876955,-19.982806,15.859,16.814,0.955,0.09114561,-99.99
OGLE-GD-DSCT-0945,singlemode,110.904255,-19.050917,17.523,18.795,1.272,0.10036262,-99.99
OGLE-GD-DSCT-0946,multimode,110.93592,-23.608972,17.437,19.125,1.688,0.10639565,0.08234607
OGLE-GD-DSCT-0947,singlemode,110.9955,-11.723861,16.207,17.298,1.091,0.08047394,-99.99
OGLE-GD-DSCT-0948,multimode,111.01125,-21.661667,12.869,13.587,0.718,0.16162613,0.21190288
OGLE-GD-DSCT-0949,multimode,111.034035,-20.550167,14.871,15.879,1.008,0.12569847,0.16083441
OGLE-GD-DSCT-0950,singlemode,111.058545,-13.269222,15.272,16.229,0.957,0.11960028,-99.99
OGLE-GD-DSCT-0951,singlemode,111.08379,-13.754667,16.934,17.989,1.055,0.07268728,-99.99
OGLE-GD-DSCT-0952,singlemode,111.097665,-28.199306,17.2,18.077,0.877,0.07041599,-99.99
OGLE-GD-DSCT-0953,singlemode,111.114465,-30.772889,16.936,17.631,0.695,0.09059394,-99.99
OGLE-GD-DSCT-0954,singlemode,111.135705,-29.397556,16.893,17.432,0.539,0.07808151,-99.99
OGLE-GD-DSCT-0955,singlemode,111.14541,-29.078778,16.111,16.727,0.616,0.09161461,-99.99
OGLE-GD-DSCT-0956,singlemode,111.15525,-29.070528,14.01,14.558,0.548,0.05493628,-99.99
OGLE-GD-DSCT-0957,singlemode,111.162585,-28.600972,16.78,17.476,0.696,0.06891088,-99.99
OGLE-GD-DSCT-0958,singlemode,111.17916,-12.424833,14.466,15.346,0.88,0.07749758,-99.99
OGLE-GD-DSCT-0959,singlemode,111.18912,-27.236944,16.611,17.385,0.774,0.10738641,-99.99
OGLE-GD-DSCT-0960,singlemode,111.191745,-16.2905,16.531,18.502,1.971,0.07925469,-99.99
OGLE-GD-DSCT-0961,multimode,111.20916,-10.598694,12.076,12.654,0.578,0.13991372,0.16120613
OGLE-GD-DSCT-0962,multimode,111.22833,-17.581278,14.81,15.869,1.059,0.13963895,0.07842448
OGLE-GD-DSCT-0963,multimode,111.23454,-22.707472,14.326,15.173,0.847,0.06677886,0.06543098
OGLE-GD-DSCT-0964,multimode,111.25017,-9.093472,15.106,15.773,0.667,0.08995682,0.09406697
OGLE-GD-DSCT-0965,multimode,111.253875,-31.310667,16.546,17.19,0.644,0.12451697,0.13389238
OGLE-GD-DSCT-0966,multimode,111.266415,-9.343306,15.037,15.771,0.734,0.14693449,0.14416551
OGLE-GD-DSCT-0967,singlemode,111.307005,-19.603472,16.423,17.418,0.995,0.10434593,-99.99
OGLE-GD-DSCT-0968,multimode,111.31188,-14.520194,15.557,-99.99,-99.99,0.06868219,0.05314248
OGLE-GD-DSCT-0969,multimode,111.333165,-28.262111,15.477,16.127,0.65,0.08776216,0.06805164
OGLE-GD-DSCT-0970,singlemode,111.391125,-30.057333,14.241,14.99,0.749,0.06593876,-99.99
OGLE-GD-DSCT-0971,singlemode,111.400335,-12.882806,15.582,16.602,1.02,0.07574653,-99.99
OGLE-GD-DSCT-0972,singlemode,111.407535,-14.706667,14.748,15.557,0.809,0.10811522,-99.99
OGLE-GD-DSCT-0973,singlemode,111.43512,-14.032111,14.137,14.897,0.76,0.08482034,-99.99
OGLE-GD-DSCT-0974,singlemode,111.444165,-19.568889,18.321,19.506,1.185,0.07073585,-99.99
OGLE-GD-DSCT-0975,multimode,111.44967,-18.979278,13.352,14.203,0.851,0.1446961,0.15761308
OGLE-GD-DSCT-0976,singlemode,111.50313,-22.894583,16.27,17.96,1.69,0.05148288,-99.99
OGLE-GD-DSCT-0977,singlemode,111.606585,-28.312667,17.052,17.848,0.796,0.10911557,-99.99
OGLE-GD-DSCT-0978,singlemode,111.61221,-31.457694,16.294,17.069,0.775,0.08689589,-99.99
OGLE-GD-DSCT-0979,singlemode,111.64413,-11.137917,16.71,17.508,0.798,0.08077405,-99.99
OGLE-GD-DSCT-0980,singlemode,111.68829,-18.352806,17.349,18.562,1.213,0.09340641,-99.99
OGLE-GD-DSCT-0981,singlemode,111.69813,-18.738694,14.238,15.052,0.814,0.10468912,-99.99
OGLE-GD-DSCT-0982,singlemode,111.708165,-26.877222,15.687,16.651,0.964,0.07542728,-99.99
OGLE-GD-DSCT-0983,singlemode,111.71184,-15.107056,17.299,18.444,1.145,0.0649921,-99.99
OGLE-GD-DSCT-0984,multimode,111.750255,-21.071472,13.825,14.564,0.739,0.17188231,0.20244259
OGLE-GD-DSCT-0985,singlemode,111.76566,-23.444917,14.061,15.439,1.378,0.07285476,-99.99
OGLE-GD-DSCT-0986,multimode,111.77379,-28.733972,16.293,16.941,0.648,0.10136716,0.0815548
OGLE-GD-DSCT-0987,multimode,111.797505,-13.474333,13.966,14.766,0.8,0.15157307,0.12651036
OGLE-GD-DSCT-0988,singlemode,111.860415,-30.445056,16.714,17.314,0.6,0.06057703,-99.99
OGLE-GD-DSCT-0989,multimode,111.869295,-28.915778,16.157,16.664,0.507,0.04679636,0.05455111
OGLE-GD-DSCT-0990,singlemode,111.88434,-20.361917,16.369,17.282,0.913,0.09244674,-99.99
OGLE-GD-DSCT-0991,multimode,111.93441,-20.147556,13.926,14.598,0.672,0.16001606,0.12406072
OGLE-GD-DSCT-0992,singlemode,111.97308,-18.820833,18.744,21.028,2.284,0.08666362,-99.99
OGLE-GD-DSCT-0993,multimode,112.01667,-16.892139,13.574,14.44,0.866,0.09499171,0.1025007
OGLE-GD-DSCT-0994,singlemode,112.031715,-12.674583,15.192,-99.99,-99.99,0.10509624,-99.99
OGLE-GD-DSCT-0995,singlemode,112.05258,-27.347944,17.014,17.934,0.92,0.07457842,-99.99
OGLE-GD-DSCT-0996,multimode,112.08234,-19.64075,12.983,13.756,0.773,0.16103436,0.15385411
OGLE-GD-DSCT-0997,multimode,112.110285,-29.616389,12.74,13.287,0.547,0.10821317,0.1077031
OGLE-GD-DSCT-0998,multimode,112.130835,-30.45175,12.923,13.528,0.605,0.12519279,0.1262946
OGLE-GD-DSCT-0999,singlemode,112.150965,-10.583611,16.309,-99.99,-99.99,0.05479483,-99.99
OGLE-GD-DSCT-1000,multimode,112.164915,-13.069306,14.594,15.265,0.671,0.05853395,0.07555046
OGLE-GD-DSCT-1001,singlemode,112.171785,-26.830056,12.973,13.794,0.821,0.12598667,-99.99
OGLE-GD-DSCT-1002,singlemode,112.21521,-24.506083,16.628,17.968,1.34,0.1031298,-99.99
OGLE-GD-DSCT-1003,singlemode,112.217295,-20.232472,16.609,17.763,1.154,0.06310186,-99.99
