OGLE-GD-CEP-0001,1,158.98758,-63.172111,14.232,15.468,1.236,1.3047395
OGLE-GD-CEP-0002,F,159.322035,-62.722917,15.004,16.373,1.369,1.5809606
OGLE-GD-CEP-0003,F,159.49863,-62.205889,13.419,14.916,1.497,4.6324223
OGLE-GD-CEP-0005,1,163.138005,-61.484833,14.665,16.847,2.182,2.4165161
OGLE-GD-CEP-0007,F,164.431005,-61.114417,15.445,19.026,3.581,4.5602554
OGLE-GD-CEP-0008,F,164.51958,-60.707722,15.115,19.169,4.054,9.5417781
OGLE-GD-CEP-0010,F,164.76558,-61.248194,15.477,19.608,4.131,16.1351377
OGLE-GD-CEP-0011,F,164.95896,-61.34175,15.231,18.728,3.497,4.3093358
OGLE-GD-CEP-0015,F,199.013085,-64.781389,13.862,15.86,1.998,8.7467561
OGLE-GD-CEP-0016,1,200.72946,-65.001,14.807,16.491,1.684,1.9626461
OGLE-GD-CEP-0017,1,201.87546,-64.677139,15.163,-99.99,-99.99,1.9151023
OGLE-GD-CEP-0019,F,203.33229,-64.11875,15.194,17.734,2.54,3.3614297
OGLE-GD-CEP-0020,F,203.61009,-64.370972,13.6,15.495,1.895,4.8248737
OGLE-GD-CEP-0021,F,89.39334,19.819917,12.453,14.136,1.683,2.8437201
OGLE-GD-CEP-0023,F,91.513335,16.341611,13.044,15.554,2.51,3.0205459
OGLE-GD-CEP-0024,F,91.73442,17.698722,14.158,16.843,2.685,1.964288
OGLE-GD-CEP-0025,F,92.10837,16.402694,12.099,14.821,2.722,9.1525206
OGLE-GD-CEP-0026,1,92.38608,14.158111,11.864,13.454,1.59,2.210576
OGLE-GD-CEP-0027,F,92.931795,16.597778,14.54,17.143,2.603,2.1459374
OGLE-GD-CEP-0028,F,93.0915,13.636611,11.732,13.976,2.244,3.5635103
OGLE-GD-CEP-0029,F,93.727455,13.878778,13.606,16.581,2.975,5.9921586
OGLE-GD-CEP-0030,F,94.59546,17.798528,12.745,14.715,1.97,2.5218446
OGLE-GD-CEP-0032,1,95.964165,17.013222,11.824,12.681,0.857,0.3905318
OGLE-GD-CEP-0033,F,96.01725,11.708861,11.813,13.612,1.799,3.1811963
OGLE-GD-CEP-0034,1,96.358785,6.292889,12.173,-99.99,-99.99,2.1974002
OGLE-GD-CEP-0035,F,96.432795,6.655167,11.898,13.326,1.428,3.087237
OGLE-GD-CEP-0036,F,96.84546,8.973361,11.905,13.208,1.303,1.5318564
OGLE-GD-CEP-0038,1,97.16712,7.648528,11.631,12.957,1.326,1.9512216
OGLE-GD-CEP-0040,1,97.50033,10.364472,12.46,14.187,1.727,1.1981949
OGLE-GD-CEP-0041,1,97.547295,7.852944,11.23,12.723,1.493,2.4974125
OGLE-GD-CEP-0043,F,97.72071,9.673111,11.175,13.289,2.114,4.802502
OGLE-GD-CEP-0044,F,97.81059,11.850361,11.635,13.691,2.056,5.0905386
OGLE-GD-CEP-0045,1,98.277915,10.200389,15.215,18.025,2.81,1.9306639
OGLE-GD-CEP-0046,F,98.40492,9.203556,11.155,12.547,1.392,4.662175
OGLE-GD-CEP-0047,1,98.60013,0.436833,12.406,14.414,2.008,2.0993886
OGLE-GD-CEP-0048,F,98.92554,2.149639,11.813,13.988,2.175,6.7168817
OGLE-GD-CEP-0049,1,98.969625,0.537194,13.501,15.714,2.213,1.6633722
OGLE-GD-CEP-0050,F,99.18846,3.306056,12.791,15.671,2.88,6.3273776
OGLE-GD-CEP-0052,1,99.81741,0.615889,12.143,13.733,1.59,1.5146353
OGLE-GD-CEP-0053,1,99.894465,2.390306,15.108,17.175,2.067,0.6029186
OGLE-GD-CEP-0054,F,100.1565,11.7275,10.887,12.479,1.592,4.978264
OGLE-GD-CEP-0058,1,100.46538,-1.334972,11.006,-99.99,-99.99,2.7980303
OGLE-GD-CEP-0059,1,100.570665,-0.560028,12.828,14.241,1.413,1.8233091
OGLE-GD-CEP-0060,F,100.8225,1.160917,12.66,14.324,1.664,1.9194476
OGLE-GD-CEP-0061,F,100.975755,-2.543111,12.313,14.074,1.761,2.9508269
OGLE-GD-CEP-0062,F,101.066625,4.498389,12.297,14.102,1.805,2.4838084
OGLE-GD-CEP-0063,F,101.39058,7.816306,11.931,13.336,1.405,2.4269339
OGLE-GD-CEP-0065,F,101.81808,-4.650083,11.167,13.5,2.333,10.2057823
OGLE-GD-CEP-0066,1,101.860245,4.190917,10.522,11.512,0.99,2.3122057
OGLE-GD-CEP-0067,F,101.86221,2.517056,10.859,12.648,1.789,7.4574092
OGLE-GD-CEP-0068,F,102.20013,-3.604667,11.438,13.226,1.788,1.6519571
OGLE-GD-CEP-0070,F,102.634755,0.007,10.922,12.59,1.668,7.0969879
OGLE-GD-CEP-0071,1,103.30659,-7.348139,10.904,12.075,1.171,1.8465332
OGLE-GD-CEP-0072,F,103.54767,-7.664361,12.382,13.703,1.321,3.454683
OGLE-GD-CEP-0073,1,104.262255,-3.150611,12.244,13.717,1.473,1.1499309
OGLE-GD-CEP-0074,1,104.34675,-4.236,11.396,13.425,2.029,2.7010431
OGLE-GD-CEP-0075,F,104.349045,-3.843333,11.081,12.756,1.675,3.938119
OGLE-GD-CEP-0076,1,104.49471,-1.995278,12.027,13.809,1.782,3.0103374
OGLE-GD-CEP-0077,1,104.76621,-7.970361,12.907,15.114,2.207,2.2195577
OGLE-GD-CEP-0078,F,105.46512,-3.896472,13.422,15.631,2.209,2.7454874
OGLE-GD-CEP-0079,F,105.859335,-10.282917,13.474,16.015,2.541,3.1717753
OGLE-GD-CEP-0080,1,105.875535,-4.306861,12.958,14.595,1.637,1.1167826
OGLE-GD-CEP-0081,1,106.009005,-13.546861,12.762,14.128,1.366,1.8076638
OGLE-GD-CEP-0082,F,106.11471,-12.347417,12.928,15.33,2.402,4.5075169
OGLE-GD-CEP-0084,1,106.483215,-13.397861,11.858,13.205,1.347,2.1152526
OGLE-GD-CEP-0085,F,106.65837,-15.802056,11.459,12.856,1.397,4.463479
OGLE-GD-CEP-0086,F,106.78563,-7.795139,11.72,13.272,1.552,4.4966498
OGLE-GD-CEP-0087,1,107.24937,-12.470722,11.163,12.338,1.175,2.8700914
OGLE-GD-CEP-0089,1,107.55534,-15.199389,12.668,13.897,1.229,1.9752485
OGLE-GD-CEP-0090,1,107.577285,-14.554722,12.224,13.594,1.37,2.107432
OGLE-GD-CEP-0091,F,107.658285,-7.122861,11.577,12.859,1.282,3.2877666
OGLE-GD-CEP-0092,F,108.274755,-16.004278,13.403,15.431,2.028,3.4960122
OGLE-GD-CEP-0093,1,108.378165,-11.038028,14.679,16.266,1.587,2.5152386
OGLE-GD-CEP-0094,1,108.38808,-14.858333,11.14,12.059,0.919,0.6583659
OGLE-GD-CEP-0096,1,109.04037,-12.624889,11.951,13.223,1.272,1.7558521
OGLE-GD-CEP-0098,F,109.842,-19.540333,11.94,13.08,1.14,3.0711502
OGLE-GD-CEP-0099,F,110.25621,-16.850472,12.219,14.54,2.321,5.6480223
OGLE-GD-CEP-0100,F,110.281035,-21.510611,11.578,13.077,1.499,4.1756238
OGLE-GD-CEP-0102,F,110.66763,-17.33,12.126,14.184,2.058,4.9604526
OGLE-GD-CEP-0103,1,110.744745,-13.933833,13.333,14.737,1.404,0.9978494
OGLE-GD-CEP-0104,1,111.42333,-19.896667,10.396,11.53,1.134,2.1777268
OGLE-GD-CEP-0105,1,111.837,-19.323667,12.944,14.783,1.839,2.2526253
OGLE-GD-CEP-0107,1,112.353375,-15.976806,11.747,13.37,1.623,2.5035573
OGLE-GD-CEP-0108,F,112.381335,-21.469417,12.989,14.987,1.998,3.234823
OGLE-GD-CEP-0109,F,112.39563,-20.017611,13.118,14.83,1.712,2.3679476
OGLE-GD-CEP-0110,F,112.51062,-23.673972,12.246,13.901,1.655,3.5443336
OGLE-GD-CEP-0111,F,112.66125,-24.6875,12.128,13.664,1.536,3.9181306
OGLE-GD-CEP-0112,F,112.676625,-20.451972,12.529,13.999,1.47,3.1734247
OGLE-GD-CEP-0113,F,112.76859,-22.280722,13.212,15.392,2.18,4.0398583
OGLE-GD-CEP-0114,F,112.815465,-25.907389,10.985,11.833,0.848,2.1479831
OGLE-GD-CEP-0115,F,112.955625,-22.122861,13.464,15.387,1.923,2.9307378
OGLE-GD-CEP-0118,1,113.548455,-21.665444,13.098,14.744,1.646,1.8338128
OGLE-GD-CEP-0119,1,114.017505,-19.347444,11.347,13.307,1.96,2.7858501
OGLE-GD-CEP-0120,F,114.04434,-25.364056,13.315,15.294,1.979,7.9595167
OGLE-GD-CEP-0121,1,114.48279,-20.362056,13.134,15.368,2.234,1.4415973
OGLE-GD-CEP-0122,F,115.20408,-25.457722,11.355,13.105,1.75,4.1709258
OGLE-GD-CEP-0123,F,115.247085,-22.492083,14.531,15.911,1.38,1.3992865
OGLE-GD-CEP-0124,F,115.507875,-28.064167,13.551,-99.99,-99.99,2.8976803
OGLE-GD-CEP-0125,F,116.00046,-30.141472,12.379,13.633,1.254,3.3905071
OGLE-GD-CEP-0126,1,116.11512,-24.288583,11.52,12.931,1.411,3.273156
OGLE-GD-CEP-0127,F,116.299125,-36.97475,11.205,12.791,1.586,13.7677045
OGLE-GD-CEP-0128,1,116.432085,-35.409972,13.444,14.841,1.397,1.7152609
OGLE-GD-CEP-0129,F,116.717205,-30.665917,13.135,14.735,1.6,2.9692043
OGLE-GD-CEP-0130,1,116.93196,-32.048917,13.636,15.273,1.637,0.9831663
OGLE-GD-CEP-0131,F,116.960205,-32.187417,12.258,-99.99,-99.99,7.0342049
OGLE-GD-CEP-0132,F,116.964795,-32.171333,12.015,-99.99,-99.99,5.8635029
OGLE-GD-CEP-0133,F,117.355215,-38.239389,11.728,13.152,1.424,10.5035199
OGLE-GD-CEP-0134,1,117.625125,-32.778806,14.475,16.678,2.203,1.9782087
OGLE-GD-CEP-0135,F,117.706245,-32.660806,13.459,15.575,2.116,3.6850493
OGLE-GD-CEP-0136,F,117.867,-35.066583,15.439,18.047,2.608,2.1306764
OGLE-GD-CEP-0137,F,117.928995,-35.70425,12.526,14.499,1.973,7.1655819
OGLE-GD-CEP-0138,1,117.96342,-24.422528,11.814,13.119,1.305,2.4944089
OGLE-GD-CEP-0140,1,118.35996,-36.497944,14.431,16.537,2.106,1.770176
OGLE-GD-CEP-0141,F,118.49013,-28.367611,11.599,13.183,1.584,5.8006758
OGLE-GD-CEP-0142,F,118.49796,-39.116889,14.175,15.563,1.388,1.6705088
OGLE-GD-CEP-0144,1,118.701375,-37.445194,15.319,16.544,1.225,3.5363675
OGLE-GD-CEP-0145,F,118.705995,-36.171694,14.511,16.85,2.339,2.520541
OGLE-GD-CEP-0146,F,118.71084,-37.622444,11.389,13.142,1.753,3.7079495
OGLE-GD-CEP-0147,1,118.81266,-32.254056,12.768,14.262,1.494,1.8698412
OGLE-GD-CEP-0148,F,119.052045,-32.602639,10.548,-99.99,-99.99,4.5172216
OGLE-GD-CEP-0149,F,119.15388,-30.952806,12.857,14.548,1.691,2.4944279
OGLE-GD-CEP-0150,F,119.265465,-28.161583,10.752,11.991,1.239,3.3311712
OGLE-GD-CEP-0151,F,119.42571,-27.601917,10.508,12.044,1.536,13.4575339
OGLE-GD-CEP-0152,F,119.45787,-29.384056,10.693,11.973,1.28,2.5861133
OGLE-GD-CEP-0153,F,119.66613,-33.504056,10.722,12.153,1.431,4.4029304
OGLE-GD-CEP-0154,F,119.69304,-38.994333,10.764,12.193,1.429,15.5612767
OGLE-GD-CEP-0155,F,119.73891,-36.897333,13.973,15.916,1.943,2.7750582
OGLE-GD-CEP-0156,1,119.744955,-34.070694,13.557,15.252,1.695,2.488096
OGLE-GD-CEP-0157,F,119.80083,-26.698917,11.889,13.141,1.252,3.7164545
OGLE-GD-CEP-0158,F,119.842995,-33.357139,12.347,14.014,1.667,5.2813723
OGLE-GD-CEP-0159,F,119.860215,-40.028306,13.83,15.337,1.507,2.3684934
OGLE-GD-CEP-0160,F,119.948835,-42.028389,12.864,14.552,1.688,4.5473757
OGLE-GD-CEP-0161,1,120.11433,-33.319806,12.015,13.392,1.377,2.6569522
OGLE-GD-CEP-0162,F,120.143505,-41.684889,13.548,15.191,1.643,3.5161646
OGLE-GD-CEP-0163,1,120.615165,-36.989222,13.996,15.629,1.633,1.7004379
OGLE-GD-CEP-0164,1,120.68871,-36.621028,13.088,15.161,2.073,1.6935769
OGLE-GD-CEP-0165,F,120.70413,-38.244778,14.552,16.912,2.36,3.6422868
OGLE-GD-CEP-0166,F,120.856785,-37.2,13.126,14.659,1.533,2.8550661
OGLE-GD-CEP-0167,1,121.00392,-32.787139,15.619,17.447,1.828,1.0310572
OGLE-GD-CEP-0168,1,121.20579,-38.054528,13.945,15.782,1.837,2.1165493
OGLE-GD-CEP-0169,F,121.244955,-28.860889,11.108,12.485,1.377,4.1744272
OGLE-GD-CEP-0170,F,121.295955,-34.360278,10.81,12.339,1.529,4.0886258
OGLE-GD-CEP-0171,F,121.321995,-37.580194,12.395,14.24,1.845,6.0210631
OGLE-GD-CEP-0172,F,121.333665,-35.079694,14.579,17.344,2.765,3.6633898
OGLE-GD-CEP-0173,F,121.50363,-34.889194,13.017,15.397,2.38,5.5113121
OGLE-GD-CEP-0174,1,121.51887,-32.979722,12.96,14.812,1.852,2.3973889
OGLE-GD-CEP-0176,1,122.055465,-43.25775,13.269,14.28,1.011,1.5025679
OGLE-GD-CEP-0178,F,122.363505,-33.262139,11.017,12.327,1.31,3.562923
OGLE-GD-CEP-0179,1,122.383035,-39.201111,13.926,15.84,1.914,2.2367299
OGLE-GD-CEP-0180,F,122.446035,-45.354611,15.007,16.255,1.248,2.5511537
OGLE-GD-CEP-0181,F,122.4585,-43.97275,13.522,14.666,1.144,2.3421931
OGLE-GD-CEP-0182,1,122.491245,-41.542444,13.974,15.756,1.782,1.9445716
OGLE-GD-CEP-0183,1,122.56083,-32.892028,11.763,13.453,1.69,2.7189929
OGLE-GD-CEP-0184,F,122.60325,-38.473722,10.935,12.97,2.035,3.5789598
OGLE-GD-CEP-0185,F,122.938245,-44.172111,14.019,15.558,1.539,2.5404957
OGLE-GD-CEP-0186,F,122.951745,-42.051667,13.622,15.7,2.078,4.764465
OGLE-GD-CEP-0187,F,123.24888,-44.430417,12.929,14.627,1.698,4.1205908
OGLE-GD-CEP-0189,F,123.410715,-42.699194,12.661,14.199,1.538,4.2483435
OGLE-GD-CEP-0190,F,123.50691,-42.151806,12.574,15.53,2.956,9.2078285
OGLE-GD-CEP-0191,F,123.65034,-37.717667,13.917,16.103,2.186,3.6884424
OGLE-GD-CEP-0192,F,123.701085,-37.651917,12.68,14.532,1.852,4.7799869
OGLE-GD-CEP-0193,F,123.71604,-40.022389,13.139,16.135,2.996,3.6310394
OGLE-GD-CEP-0194,1,123.85866,-29.532833,12.091,12.972,0.881,0.8164469
OGLE-GD-CEP-0195,1,123.94554,-41.308083,16.396,20.168,3.772,1.6306485
OGLE-GD-CEP-0196,F,123.96588,-44.015833,14.223,16.082,1.859,2.8087694
OGLE-GD-CEP-0198,F,124.432665,-45.185528,13.504,15.123,1.619,3.0060944
OGLE-GD-CEP-0199,F,124.48092,-38.093361,14.753,17.707,2.954,2.7858449
OGLE-GD-CEP-0200,1,124.562085,-42.558694,14.463,16.392,1.929,1.8621065
OGLE-GD-CEP-0201,F,124.61013,-43.674889,14.55,16.558,2.008,2.6520852
OGLE-GD-CEP-0202,F,124.76262,-38.3425,13.79,16.42,2.63,6.2302727
OGLE-GD-CEP-0203,1,124.861545,-41.999028,14.975,17.853,2.878,1.6994539
OGLE-GD-CEP-0204,F,125.148795,-39.250833,12.298,14.567,2.269,4.5640105
OGLE-GD-CEP-0205,F,125.32008,-38.754361,11.604,13.624,2.02,5.0303328
OGLE-GD-CEP-0206,1,125.345835,-44.516556,14.276,16.088,1.812,1.6816183
OGLE-GD-CEP-0207,F,125.36088,-38.421722,11.455,13.294,1.839,3.9612099
OGLE-GD-CEP-0209,F,125.500755,-38.311806,13.433,15.689,2.256,3.1564134
OGLE-GD-CEP-0210,F,125.52708,-47.303972,13.328,14.631,1.303,3.3724662
OGLE-GD-CEP-0212,1,125.602005,-42.315667,15.891,18.961,3.07,1.5055239
OGLE-GD-CEP-0213,1,125.61288,-46.216028,13.932,15.1,1.168,1.4468921
OGLE-GD-CEP-0214,1,125.649255,-34.400333,13.483,14.707,1.224,2.0397038
OGLE-GD-CEP-0215,1,125.81175,-40.322306,14.794,17.872,3.078,3.0603876
OGLE-GD-CEP-0216,F,125.97858,-47.254917,14.253,15.587,1.334,1.8338899
OGLE-GD-CEP-0217,F,126.02412,-44.852278,11.89,13.976,2.086,5.5915653
OGLE-GD-CEP-0218,1,126.041295,-41.8005,11.426,13.645,2.219,2.8616096
OGLE-GD-CEP-0219,F,126.398415,-39.335694,14.867,17.734,2.867,3.0747208
OGLE-GD-CEP-0220,F,126.509955,-45.94175,14.23,16.296,2.066,3.0842701
OGLE-GD-CEP-0221,F,126.59841,-42.330111,12.728,15.404,2.676,4.4214956
OGLE-GD-CEP-0223,F,127.099215,-43.256639,13.3,15.493,2.193,2.5649971
OGLE-GD-CEP-0224,F,127.315125,-46.74925,13.837,15.347,1.51,2.7166287
OGLE-GD-CEP-0225,F,127.422165,-40.333889,10.38,12.604,2.224,4.2753614
OGLE-GD-CEP-0226,F,127.484835,-38.419278,13.426,16.181,2.755,3.344398
OGLE-GD-CEP-0227,F,127.54116,-41.718972,14.208,16.628,2.42,2.8711497
OGLE-GD-CEP-0228,F,127.557255,-48.209028,14.205,15.76,1.555,2.5964026
OGLE-GD-CEP-0229,F,127.626585,-43.847444,14.203,17.78,3.577,5.8155116
OGLE-GD-CEP-0231,F,127.875915,-44.488278,11.344,13.199,1.855,4.218076
OGLE-GD-CEP-0232,1,127.97571,-39.484444,13.434,15.812,2.378,2.0377543
OGLE-GD-CEP-0233,F,128.162295,-46.7905,14.308,16.099,1.791,2.3658626
OGLE-GD-CEP-0235,1,128.33325,-48.332389,15.185,-99.99,-99.99,2.7633648
OGLE-GD-CEP-0236,F,128.37942,-38.447222,12.432,14.803,2.371,3.6426275
OGLE-GD-CEP-0237,1,128.446965,-49.328583,11.632,11.845,0.213,5.2855604
OGLE-GD-CEP-0238,F,128.48025,-44.615944,12.536,14.753,2.217,3.6679482
OGLE-GD-CEP-0239,1,128.552835,-43.441139,13.805,17.087,3.282,3.2002947
OGLE-GD-CEP-0240,1,128.574795,-42.400139,11.83,14.11,2.28,3.6861691
OGLE-GD-CEP-0241,F,128.675205,-40.967639,13.577,16.465,2.888,3.9371709
OGLE-GD-CEP-0242,1,128.75484,-46.776222,13.531,15.057,1.526,2.2012551
OGLE-GD-CEP-0243,1,128.76804,-38.896972,11.919,14.353,2.434,2.3088099
OGLE-GD-CEP-0244,F,128.90466,-47.759361,11.737,13.196,1.459,7.5232584
OGLE-GD-CEP-0245,1,128.918535,-46.536389,14.124,15.814,1.69,1.5353295
OGLE-GD-CEP-0246,F,129.02742,-49.265306,13.766,15.372,1.606,2.6658244
OGLE-GD-CEP-0247,F,129.392415,-47.577111,14.731,16.265,1.534,1.6489641
OGLE-GD-CEP-0248,F,129.452505,-42.674806,14.658,17.932,3.274,2.8780658
OGLE-GD-CEP-0249,1,129.57546,-50.476278,14.358,16.029,1.671,2.0306888
OGLE-GD-CEP-0250,F,129.591255,-49.812056,14.204,15.585,1.381,2.0447547
OGLE-GD-CEP-0251,F,129.72462,-45.392944,12.698,15.059,2.361,4.728211
OGLE-GD-CEP-0252,F,129.732,-49.770167,13.673,15.125,1.452,3.1847086
OGLE-GD-CEP-0253,F,129.75879,-38.835722,12.086,14.029,1.943,4.0403999
OGLE-GD-CEP-0254,F,129.770205,-43.312611,11.776,14.569,2.793,3.8209235
OGLE-GD-CEP-0255,F,129.78342,-37.375528,11.377,12.703,1.326,4.0659316
OGLE-GD-CEP-0256,F,129.861915,-40.352778,11.597,15.466,3.869,8.7516759
OGLE-GD-CEP-0258,F,130.00713,-52.330194,14.351,15.7,1.349,1.5304774
OGLE-GD-CEP-0259,F,130.00866,-47.198444,12.908,14.605,1.697,3.6706995
OGLE-GD-CEP-0260,F,130.05837,-47.551583,12.154,13.908,1.754,4.8276662
OGLE-GD-CEP-0261,F,130.078965,-43.643278,13.854,16.598,2.744,4.3151534
OGLE-GD-CEP-0262,1,130.18209,-39.652389,13.37,16.223,2.853,2.4440068
OGLE-GD-CEP-0263,F,130.290495,-42.822278,12.537,15.461,2.924,4.1631123
OGLE-GD-CEP-0264,F,130.36188,-43.892944,10.737,13.293,2.556,25.35967
OGLE-GD-CEP-0265,F,130.364835,-47.649694,13.003,14.623,1.62,3.1754128
OGLE-GD-CEP-0266,F,130.403295,-44.850111,13.476,16.069,2.593,3.0196586
OGLE-GD-CEP-0267,F,130.50534,-44.091917,14.161,17.014,2.853,3.7878766
OGLE-GD-CEP-0269,F,130.692795,-43.564194,12.127,15.492,3.365,6.3506197
OGLE-GD-CEP-0270,1,130.887285,-47.750028,15.006,16.907,1.901,1.6196644
OGLE-GD-CEP-0271,F,131.028375,-51.919472,14.11,15.564,1.454,2.9848557
OGLE-GD-CEP-0272,1,131.14425,-46.084528,13.199,14.964,1.765,1.967576
OGLE-GD-CEP-0273,1,131.25384,-48.236861,14.074,16.117,2.043,2.5681684
OGLE-GD-CEP-0274,1,131.278785,-48.179611,14.096,14.956,0.86,4.2378399
OGLE-GD-CEP-0276,F,131.568255,-45.465583,12.182,14.629,2.447,3.139643
OGLE-GD-CEP-0277,F,131.65008,-46.529333,14.49,-99.99,-99.99,2.5253801
OGLE-GD-CEP-0278,1,131.79279,-49.515444,16.007,19.564,3.557,1.6263561
OGLE-GD-CEP-0279,F,131.823465,-41.736028,15.112,18.582,3.47,4.0545231
OGLE-GD-CEP-0280,F,131.864295,-45.604111,13.531,-99.99,-99.99,10.7419486
OGLE-GD-CEP-0281,F,131.89263,-47.229889,12.483,14.438,1.955,3.6289837
OGLE-GD-CEP-0282,1,132.052875,-48.705556,15.674,18.27,2.596,1.5394534
OGLE-GD-CEP-0283,F,132.06642,-45.962722,11.699,14.558,2.859,11.9196161
OGLE-GD-CEP-0284,1,132.204285,-45.470917,14.473,16.96,2.487,2.3752769
OGLE-GD-CEP-0285,F,132.3645,-45.465667,11.658,14.036,2.378,5.8758129
OGLE-GD-CEP-0286,F,132.46896,-46.219306,12.981,15.042,2.061,3.6111225
OGLE-GD-CEP-0287,1,132.52692,-50.886333,13.527,15.22,1.693,1.7012168
OGLE-GD-CEP-0288,1,132.55296,-47.889361,15.001,18.415,3.414,4.1706711
OGLE-GD-CEP-0289,F,132.59562,-43.268444,13.176,-99.99,-99.99,12.7497095
OGLE-GD-CEP-0290,1,132.605745,-44.273417,15.318,18.466,3.148,1.7832243
OGLE-GD-CEP-0291,F,132.89016,-48.32525,12.7,14.654,1.954,3.3989777
OGLE-GD-CEP-0292,1,133.193505,-45.271528,14.211,16.918,2.707,1.7993183
OGLE-GD-CEP-0293,1,133.341585,-54.054972,12.774,13.588,0.814,1.6692285
OGLE-GD-CEP-0294,F,133.38729,-51.563917,14.41,16.7,2.29,3.8601973
OGLE-GD-CEP-0295,F,133.593255,-48.342306,16.462,20.679,4.217,4.2045766
OGLE-GD-CEP-0296,F,133.76529,-48.349056,14.004,17.315,3.311,4.5022626
OGLE-GD-CEP-0297,1,133.911165,-47.224861,14.02,17.264,3.244,4.6644103
OGLE-GD-CEP-0298,1,133.93254,-50.93325,14.351,16.054,1.703,1.1059925
OGLE-GD-CEP-0299,1,134.01534,-45.334333,14.99,18.432,3.442,2.6208975
OGLE-GD-CEP-0300,F,134.127915,-43.838472,15.096,19.69,4.594,5.852495
OGLE-GD-CEP-0301,F,134.33763,-51.198833,12.444,14.637,2.193,13.4181342
OGLE-GD-CEP-0302,1,134.44617,-45.8775,16.394,19.825,3.431,0.8716889
OGLE-GD-CEP-0303,F,134.472255,-46.304,14.368,18.197,3.829,3.8402202
OGLE-GD-CEP-0304,F,134.56341,-48.150472,14.79,17.879,3.089,5.3732407
OGLE-GD-CEP-0305,1,134.62584,-51.521278,14.706,16.752,2.046,1.9575945
OGLE-GD-CEP-0306,1,134.65137,-49.180306,12.633,14.776,2.143,2.6068529
OGLE-GD-CEP-0307,1,134.83092,-48.330972,13.031,14.107,1.076,2.634582
OGLE-GD-CEP-0308,F,135.249705,-47.540806,15.458,20.305,4.847,4.8898406
OGLE-GD-CEP-0309,1,135.34425,-51.798167,15.946,17.813,1.867,0.8680691
OGLE-GD-CEP-0310,F,135.545535,-47.699417,16.67,-99.99,-99.99,3.8041152
OGLE-GD-CEP-0311,F,135.57441,-53.683167,13.709,14.841,1.132,1.6142758
OGLE-GD-CEP-0312,1,135.57633,-53.283917,13.028,14.504,1.476,2.3283535
OGLE-GD-CEP-0313,1,135.59313,-49.710444,15.622,19.244,3.622,2.7456749
OGLE-GD-CEP-0314,F,135.716625,-44.37075,13.758,-99.99,-99.99,4.5877906
OGLE-GD-CEP-0315,1,136.01496,-47.865667,14.984,19.321,4.337,2.8037761
OGLE-GD-CEP-0316,F,136.56216,-54.937194,13.695,14.848,1.153,2.9276109
OGLE-GD-CEP-0317,F,136.756245,-53.33825,13.526,14.959,1.433,2.946185
OGLE-GD-CEP-0318,F,136.84992,-54.092806,12.567,13.712,1.145,4.3513629
OGLE-GD-CEP-0319,F,137.146545,-53.197056,12.739,14.225,1.486,3.8057948
OGLE-GD-CEP-0321,F,137.20038,-50.305139,17.418,-99.99,-99.99,3.3368736
OGLE-GD-CEP-0322,1,137.252295,-53.598806,11.504,12.542,1.038,1.296285
OGLE-GD-CEP-0323,1,137.33187,-47.843028,15.559,19.556,3.997,2.1177813
OGLE-GD-CEP-0324,F,137.34246,-49.476861,12.585,16.222,3.637,6.496928
OGLE-GD-CEP-0325,1,137.36613,-50.730972,15.608,19.332,3.724,1.3568374
OGLE-GD-CEP-0326,F,137.38341,-53.987722,10.982,12.063,1.081,3.5905791
OGLE-GD-CEP-0327,F,137.45658,-49.645889,15.534,20.113,4.579,6.8655616
OGLE-GD-CEP-0328,1,137.46996,-48.866361,15.532,-99.99,-99.99,1.1841924
OGLE-GD-CEP-0330,1,137.53242,-49.727472,14.581,17.945,3.364,1.6189498
OGLE-GD-CEP-0331,1,137.550045,-48.722028,15.354,19.254,3.9,1.7155843
OGLE-GD-CEP-0332,F,137.81379,-50.384889,13.668,18.225,4.557,16.549217
OGLE-GD-CEP-0333,1,137.84562,-47.316444,15.54,19.727,4.187,1.838684
OGLE-GD-CEP-0334,1,138.030585,-48.153472,16.002,20.592,4.59,1.5689009
OGLE-GD-CEP-0335,F,138.084465,-55.233917,13.539,14.833,1.294,2.3978778
OGLE-GD-CEP-0336,F,138.283005,-50.249,15.746,19.227,3.481,3.2121999
OGLE-GD-CEP-0337,F,138.324045,-54.931222,13.237,14.785,1.548,3.5042696
OGLE-GD-CEP-0338,F,138.583875,-51.491583,12.517,15.857,3.34,6.3250484
OGLE-GD-CEP-0339,F,138.613875,-47.318333,10.848,14.913,4.065,10.1734886
OGLE-GD-CEP-0340,F,138.94359,-52.142278,13.279,15.793,2.514,5.3095492
OGLE-GD-CEP-0342,1,139.243335,-53.968972,13.845,15.588,1.743,2.9203855
OGLE-GD-CEP-0343,F,139.43013,-50.556889,14.23,17.034,2.804,3.6850737
OGLE-GD-CEP-0344,F,139.592295,-54.41225,12.6,14.165,1.565,13.12077
OGLE-GD-CEP-0347,F,139.88409,-51.620444,11.598,13.511,1.913,3.3549521
OGLE-GD-CEP-0348,F,139.98492,-54.442806,14.246,15.759,1.513,2.4041495
OGLE-GD-CEP-0349,1,140.02509,-49.968639,15.676,19.264,3.588,1.6316898
OGLE-GD-CEP-0350,F,140.053755,-55.551222,13.535,-99.99,-99.99,3.2706903
OGLE-GD-CEP-0351,1,140.11488,-51.1975,13.001,15.489,2.488,3.9813646
OGLE-GD-CEP-0352,1,140.132535,-55.852333,15.627,17.322,1.695,2.9148203
OGLE-GD-CEP-0353,F,140.15442,-56.854056,13.014,14.339,1.325,4.8628524
OGLE-GD-CEP-0354,F,140.55288,-53.064139,12.555,14.207,1.652,3.0516536
OGLE-GD-CEP-0355,F,140.707545,-51.86075,11.06,13.516,2.456,11.2070272
OGLE-GD-CEP-0356,F,140.76216,-49.4695,14.365,16.893,2.528,2.6382048
OGLE-GD-CEP-0357,F,140.86467,-48.521472,14.014,17.547,3.533,5.1899742
OGLE-GD-CEP-0358,F,140.974455,-51.624278,13.994,16.04,2.046,2.8314464
OGLE-GD-CEP-0359,1,140.986005,-52.520472,13.208,15.586,2.378,2.438228
OGLE-GD-CEP-0361,1,141.319335,-57.561278,13.74,15.017,1.277,1.7312957
OGLE-GD-CEP-0362,1,141.37521,-51.011361,14.808,17.442,2.634,2.9678052
OGLE-GD-CEP-0363,F,141.396495,-53.419583,11.879,14.085,2.206,11.5268634
OGLE-GD-CEP-0364,1,141.462705,-51.316778,13.051,15.312,2.261,2.5383246
OGLE-GD-CEP-0365,1,141.50121,-52.63925,10.8,13.266,2.466,5.1287234
OGLE-GD-CEP-0366,1,141.65733,-54.498167,15.609,17.605,1.996,0.8281153
OGLE-GD-CEP-0367,F,141.94596,-54.033833,11.33,13.815,2.485,6.7064548
OGLE-GD-CEP-0369,1,142.017045,-51.887389,12.692,14.735,2.043,4.6617033
OGLE-GD-CEP-0370,F,142.033125,-53.153056,14.258,16.726,2.468,4.2252947
OGLE-GD-CEP-0371,F,142.079715,-51.449056,14.208,16.253,2.045,2.3185221
OGLE-GD-CEP-0372,1,142.161585,-52.980139,13.286,15.615,2.329,4.1019084
OGLE-GD-CEP-0373,F,142.273785,-54.339694,13.419,15.68,2.261,4.1978561
OGLE-GD-CEP-0374,F,142.52121,-51.623639,11.517,13.565,2.048,3.3680158
OGLE-GD-CEP-0375,F,142.54992,-56.80825,13.413,15.459,2.046,5.1361003
OGLE-GD-CEP-0377,F,143.40171,-53.705667,15.251,18.621,3.37,4.9623014
OGLE-GD-CEP-0378,1,143.833995,-57.057806,14.223,15.974,1.751,1.8244759
OGLE-GD-CEP-0379,F,143.841495,-50.993083,14.169,16.767,2.598,2.471132
OGLE-GD-CEP-0380,F,143.842035,-53.742694,11.844,14.697,2.853,6.0035106
OGLE-GD-CEP-0381,F,143.86179,-54.359556,12.589,14.876,2.287,4.5767299
OGLE-GD-CEP-0382,F,143.87004,-51.135333,13.567,16.091,2.524,3.5559672
OGLE-GD-CEP-0383,1,143.943585,-52.267611,13.642,15.854,2.212,1.9527118
OGLE-GD-CEP-0384,F,144.02196,-51.019417,13.178,15.834,2.656,5.3120349
OGLE-GD-CEP-0385,1,144.137505,-52.3675,11.265,13.133,1.868,2.626374
OGLE-GD-CEP-0387,F,144.879375,-55.299444,14.875,17.617,2.742,3.6710086
OGLE-GD-CEP-0388,1,144.94287,-54.414,15.626,17.92,2.294,0.41559
OGLE-GD-CEP-0389,1,145.100505,-53.227917,13.199,15.848,2.649,2.3156264
OGLE-GD-CEP-0390,1,145.212585,-58.138694,14.131,15.541,1.41,1.4899999
OGLE-GD-CEP-0391,F,145.384545,-53.085528,12.848,15.544,2.696,4.0356157
OGLE-GD-CEP-0392,1,145.76946,-56.814556,13.354,15.198,1.844,3.5362334
OGLE-GD-CEP-0393,F,145.897755,-57.238306,14.22,15.96,1.74,3.0085776
OGLE-GD-CEP-0394,1,146.144715,-56.331972,14.597,16.784,2.187,1.9313607
OGLE-GD-CEP-0395,F,146.29338,-54.879833,13.472,16.471,2.999,3.4353199
OGLE-GD-CEP-0396,1,146.311035,-57.278944,13.949,15.65,1.701,1.7346875
OGLE-GD-CEP-0397,F,146.54958,-59.971306,12.973,-99.99,-99.99,2.7760419
OGLE-GD-CEP-0398,F,146.56038,-53.058944,13.57,16.187,2.617,3.9873091
OGLE-GD-CEP-0399,F,146.66796,-55.188278,12.534,15.212,2.678,4.8769415
OGLE-GD-CEP-0401,F,146.88363,-56.707861,14.715,17.45,2.735,4.1682253
OGLE-GD-CEP-0402,F,147.07542,-55.4705,15.323,18.87,3.547,3.3547498
OGLE-GD-CEP-0403,F,147.082785,-57.810472,11.261,13.008,1.747,5.2169887
OGLE-GD-CEP-0404,F,147.21108,-53.811722,14.43,17.178,2.748,3.8717702
OGLE-GD-CEP-0405,F,147.545715,-55.933389,13.759,16.852,3.093,2.4078472
OGLE-GD-CEP-0406,1,147.54771,-54.288028,13.102,15.304,2.202,2.9770549
OGLE-GD-CEP-0407,1,147.63942,-58.859167,13.564,15.324,1.76,2.4421367
OGLE-GD-CEP-0408,1,147.749505,-57.565889,15.251,17.384,2.133,1.631419
OGLE-GD-CEP-0409,F,147.849495,-53.192611,13.275,15.832,2.557,6.4742302
OGLE-GD-CEP-0410,1,147.90162,-54.395361,14.187,16.969,2.782,1.7992467
OGLE-GD-CEP-0411,F,147.97875,-56.476583,13.434,16.769,3.335,7.9399436
OGLE-GD-CEP-0412,F,148.015965,-51.9925,12.518,14.109,1.591,3.2963263
OGLE-GD-CEP-0413,F,148.159665,-53.841444,11.578,13.599,2.021,5.354376
OGLE-GD-CEP-0414,F,148.309005,-55.094472,12.107,-99.99,-99.99,8.024185
OGLE-GD-CEP-0415,F,148.32021,-56.637028,14.694,18.392,3.698,5.7564828
OGLE-GD-CEP-0416,1,148.351455,-54.152667,11.073,12.768,1.695,3.4038337
OGLE-GD-CEP-0417,F,148.477755,-55.349306,13.555,16.228,2.673,4.2036954
OGLE-GD-CEP-0418,1,148.49346,-54.494639,13.763,15.634,1.871,1.0988108
OGLE-GD-CEP-0419,F,148.75104,-56.6485,15.493,20.209,4.716,4.8467913
OGLE-GD-CEP-0420,1,149.01591,-57.51075,14.354,16.862,2.508,1.194529
OGLE-GD-CEP-0421,F,149.063625,-55.120194,13.153,15.576,2.423,5.1796691
OGLE-GD-CEP-0422,F,149.072085,-54.752444,12.166,14.535,2.369,4.6106881
OGLE-GD-CEP-0423,F,149.07684,-56.149528,18.076,-99.99,-99.99,2.5435293
OGLE-GD-CEP-0424,1,149.08017,-54.724917,11.447,13.334,1.887,3.0522099
OGLE-GD-CEP-0425,F,149.21988,-51.608944,12.286,13.829,1.543,2.6048284
OGLE-GD-CEP-0426,F,149.84625,-60.333556,13.758,14.968,1.21,2.3028414
OGLE-GD-CEP-0427,F,149.863875,-58.967639,13.873,15.938,2.065,3.3415362
OGLE-GD-CEP-0428,F,149.922795,-58.335417,13.714,17.745,4.031,23.436515
OGLE-GD-CEP-0429,1,150.197535,-61.577722,14.061,15.031,0.97,0.7010658
OGLE-GD-CEP-0430,F,150.230535,-58.795194,14.729,17.505,2.776,4.7207382
OGLE-GD-CEP-0431,F,150.26142,-55.490444,14.222,17.495,3.273,4.5840091
OGLE-GD-CEP-0432,F,150.75975,-56.049583,18.591,-99.99,-99.99,4.4560169
OGLE-GD-CEP-0433,1,150.84987,-58.925917,13.824,16.207,2.383,1.7578722
OGLE-GD-CEP-0434,F,150.861795,-56.419806,15.493,19.837,4.344,4.3789272
OGLE-GD-CEP-0435,F,151.003785,-55.187306,12.197,14.59,2.393,3.9049275
OGLE-GD-CEP-0436,F,151.068585,-55.842028,12.392,15.454,3.062,4.052162
OGLE-GD-CEP-0437,F,151.18854,-58.433306,14.073,17.033,2.96,4.9540817
OGLE-GD-CEP-0438,F,151.31163,-59.787361,13.804,15.471,1.667,3.5379383
OGLE-GD-CEP-0439,F,151.59612,-57.353444,14.315,19.389,5.074,6.9965259
OGLE-GD-CEP-0440,F,151.76313,-58.283722,16.489,20.796,4.307,5.1276859
OGLE-GD-CEP-0441,1,151.840125,-58.825861,15.466,18.884,3.418,4.5259939
OGLE-GD-CEP-0442,F,151.895835,-58.017972,17.443,-99.99,-99.99,3.0947728
OGLE-GD-CEP-0443,F,152.137875,-58.423806,15.857,19.776,3.919,3.8138244
OGLE-GD-CEP-0444,1,152.18625,-56.229056,13.449,17.078,3.629,3.3378568
OGLE-GD-CEP-0445,1,152.574795,-59.408083,15.155,17.288,2.133,1.5139685
OGLE-GD-CEP-0446,F,152.601375,-57.024528,15.23,19.829,4.599,4.5286234
OGLE-GD-CEP-0447,F,152.609955,-56.314222,13.527,17.104,3.577,3.5761147
OGLE-GD-CEP-0448,1,152.61975,-54.684194,15.502,17.84,2.338,0.9611256
OGLE-GD-CEP-0449,F,152.64012,-56.090306,13.694,18.511,4.817,11.4207884
OGLE-GD-CEP-0450,F,152.65341,-58.296361,10.667,13.288,2.621,5.0706965
OGLE-GD-CEP-0451,F,152.79858,-61.764389,13.314,14.317,1.003,2.252584
OGLE-GD-CEP-0452,F,152.851455,-61.486167,13.358,14.378,1.02,2.9107838
OGLE-GD-CEP-0453,F,152.85567,-55.98825,16.312,-99.99,-99.99,9.8896905
OGLE-GD-CEP-0454,1,152.86734,-58.755056,16.385,20.198,3.813,3.5453184
OGLE-GD-CEP-0455,F,152.971545,-57.890278,14.211,19.148,4.937,28.2349169
OGLE-GD-CEP-0456,F,153.028965,-56.271417,16.03,20.905,4.875,3.8374449
OGLE-GD-CEP-0457,F,153.047295,-56.611972,12.369,16.339,3.97,16.6035567
OGLE-GD-CEP-0458,F,153.113505,-57.262333,14.068,17.963,3.895,6.6660122
OGLE-GD-CEP-0459,1,153.15513,-57.717833,12.322,13.588,1.266,1.9426585
OGLE-GD-CEP-0460,F,153.412545,-59.255694,13.622,-99.99,-99.99,13.6753653
OGLE-GD-CEP-0462,F,153.53712,-59.850444,14.071,15.711,1.64,2.6415197
OGLE-GD-CEP-0464,F,153.579045,-59.569111,14.225,16.76,2.535,3.8038661
OGLE-GD-CEP-0465,F,153.625785,-59.22675,14.411,17.127,2.716,6.6056407
OGLE-GD-CEP-0466,F,153.68646,-58.1595,16.86,20.959,4.099,2.4786624
OGLE-GD-CEP-0467,F,153.75591,-58.882056,12.038,14.275,2.237,4.3415511
OGLE-GD-CEP-0468,1,153.79017,-58.025333,16.598,21.016,4.418,3.078982
OGLE-GD-CEP-0469,F,153.95466,-58.190778,17.703,-99.99,-99.99,4.4514559
OGLE-GD-CEP-0470,1,154.03587,-57.222972,15.522,-99.99,-99.99,2.2758715
OGLE-GD-CEP-0471,F,154.14837,-57.011167,15.591,20.23,4.639,8.5326825
OGLE-GD-CEP-0472,F,154.26096,-58.2675,11.876,14.243,2.367,4.1696316
OGLE-GD-CEP-0473,F,154.290585,-58.905306,15.214,18.499,3.285,3.9658222
OGLE-GD-CEP-0474,F,154.328085,-57.208972,17.923,-99.99,-99.99,3.5302528
OGLE-GD-CEP-0475,1,154.36083,-60.333222,12.767,14.354,1.587,4.3116113
OGLE-GD-CEP-0476,F,154.486995,-58.360472,17.109,-99.99,-99.99,2.7958367
OGLE-GD-CEP-0477,F,154.49112,-57.780028,13.064,16.513,3.449,5.025106
OGLE-GD-CEP-0478,F,154.515045,-58.992389,13.982,16.925,2.943,4.7325934
OGLE-GD-CEP-0479,F,154.59663,-58.111611,16.6,21.394,4.794,4.6949251
OGLE-GD-CEP-0480,F,154.607205,-56.356278,14.448,17.545,3.097,2.9182621
OGLE-GD-CEP-0481,1,154.60866,-59.912111,13.698,15.658,1.96,3.1225041
OGLE-GD-CEP-0482,1,154.63296,-58.61425,13.316,16.09,2.774,2.7710429
OGLE-GD-CEP-0483,1,154.71825,-60.9365,14.888,16.112,1.224,0.6350273
OGLE-GD-CEP-0484,1,154.760295,-59.043472,15.202,17.801,2.599,1.9271532
OGLE-GD-CEP-0485,F,154.811205,-59.171833,14.544,17.153,2.609,4.0238663
OGLE-GD-CEP-0486,F,154.96713,-56.309778,11.143,13.328,2.185,6.245487
OGLE-GD-CEP-0487,F,155.031915,-59.039556,15.517,18.137,2.62,3.6513958
OGLE-GD-CEP-0488,F,155.122035,-59.214944,14.987,17.854,2.867,4.4322918
OGLE-GD-CEP-0489,1,155.13642,-62.120389,12.998,13.98,0.982,1.670427
OGLE-GD-CEP-0490,F,155.174295,-57.470306,14.52,19.252,4.732,9.5245961
OGLE-GD-CEP-0491,F,155.20713,-61.251972,13.151,14.34,1.189,4.2390336
OGLE-GD-CEP-0492,F,155.24175,-59.750861,13.181,15.596,2.415,3.4566691
OGLE-GD-CEP-0493,F,155.295285,-58.131833,16.409,-99.99,-99.99,4.4654811
OGLE-GD-CEP-0494,F,155.398875,-57.750611,17.478,-99.99,-99.99,3.6300214
OGLE-GD-CEP-0495,1,155.516745,-62.034861,15.529,16.802,1.273,1.4093023
OGLE-GD-CEP-0496,F,155.52813,-59.019278,14.379,17.559,3.18,4.3146955
OGLE-GD-CEP-0497,F,155.59041,-57.806333,16.006,20.273,4.267,5.0534698
OGLE-GD-CEP-0498,1,155.8785,-57.492583,15.722,20.137,4.415,2.8438854
OGLE-GD-CEP-0499,F,155.904375,-58.655306,14.23,-99.99,-99.99,4.0233193
OGLE-GD-CEP-0500,1,156.108795,-64.713111,11.778,-99.99,-99.99,2.0283694
OGLE-GD-CEP-0501,F,156.12633,-59.881167,13.772,16.354,2.582,9.0653112
OGLE-GD-CEP-0502,F,156.142455,-59.535972,10.697,12.487,1.79,5.0922578
OGLE-GD-CEP-0503,1,156.20016,-58.772056,11.432,13.434,2.002,4.6224117
OGLE-GD-CEP-0504,1,156.23337,-61.946639,12.606,13.703,1.097,3.5505832
OGLE-GD-CEP-0505,F,156.334335,-58.050444,14.489,19.101,4.612,14.5093048
OGLE-GD-CEP-0506,1,156.360045,-57.842972,15.085,19.263,4.178,3.6301995
OGLE-GD-CEP-0507,F,156.384045,-58.949667,13.281,15.685,2.404,3.6870652
OGLE-GD-CEP-0508,F,156.40371,-62.556556,14.239,-99.99,-99.99,3.0455739
OGLE-GD-CEP-0509,F,156.427245,-57.428417,16.979,-99.99,-99.99,5.1005326
OGLE-GD-CEP-0510,F,156.46188,-59.737833,13.042,15.423,2.381,5.0226941
OGLE-GD-CEP-0511,F,156.659415,-59.242528,14.16,16.28,2.12,3.5913437
OGLE-GD-CEP-0512,F,156.81813,-56.855917,14.366,18.037,3.671,3.750648
OGLE-GD-CEP-0513,F,156.827835,-59.729778,12.756,14.854,2.098,3.6191
OGLE-GD-CEP-0514,F,156.83025,-58.386583,13.19,15.949,2.759,6.5280344
OGLE-GD-CEP-0515,F,156.83487,-60.265083,15.041,18.121,3.08,4.6525775
OGLE-GD-CEP-0517,1,156.942285,-60.522306,13.953,15.947,1.994,2.0982663
OGLE-GD-CEP-0518,F,156.955545,-58.495389,14.214,17.295,3.081,4.7241461
OGLE-GD-CEP-0519,1,156.99909,-57.176972,10.697,12.76,2.063,3.722254
OGLE-GD-CEP-0520,1,157.001625,-59.822056,10.768,12.341,1.573,3.6513134
OGLE-GD-CEP-0521,F,157.113795,-56.596389,16.396,21.165,4.769,4.5954074
OGLE-GD-CEP-0522,F,157.265955,-60.780694,13.459,15.088,1.629,4.5062458
OGLE-GD-CEP-0523,1,157.459455,-59.603917,11.135,12.734,1.599,2.7213256
OGLE-GD-CEP-0524,F,157.509465,-61.218056,12.191,-99.99,-99.99,11.352502
OGLE-GD-CEP-0525,F,157.52463,-60.138444,13.242,15.329,2.087,4.5716101
OGLE-GD-CEP-0526,F,157.586415,-60.492639,14.438,16.516,2.078,3.5087729
OGLE-GD-CEP-0527,F,157.599585,-59.298611,15.656,18.559,2.903,3.3534046
OGLE-GD-CEP-0528,F,157.606755,-59.110806,15.742,18.931,3.189,3.2500996
OGLE-GD-CEP-0529,F,157.66062,-57.536056,16.692,-99.99,-99.99,5.3357557
OGLE-GD-CEP-0530,F,157.71513,-59.06025,11.056,13.014,1.958,5.8650071
OGLE-GD-CEP-0531,1,157.80417,-58.303833,12.191,14.247,2.056,3.040504
OGLE-GD-CEP-0532,F,157.83375,-59.980028,11.569,13.79,2.221,5.3192475
OGLE-GD-CEP-0533,1,157.85787,-59.381361,15.064,18.097,3.033,2.4706755
OGLE-GD-CEP-0534,1,157.95063,-59.823778,13.542,16.208,2.666,2.3112217
OGLE-GD-CEP-0535,F,158.02008,-63.674778,15.224,16.064,0.84,2.2359557
OGLE-GD-CEP-0537,F,158.119545,-60.06,13.221,15.476,2.255,4.4247207
OGLE-GD-CEP-0538,1,158.315955,-61.714833,13.873,15.396,1.523,2.2990314
OGLE-GD-CEP-0539,1,158.44083,-60.243861,12.756,14.879,2.123,2.7680532
OGLE-GD-CEP-0540,F,158.46312,-61.806222,13.686,15.298,1.612,4.2307011
OGLE-GD-CEP-0541,F,158.480295,-59.165222,15.233,19.12,3.887,4.1076538
OGLE-GD-CEP-0542,F,158.539785,-61.597583,12.88,14.528,1.648,4.6164191
OGLE-GD-CEP-0543,F,158.547,-60.227333,14.132,16.505,2.373,5.7033383
OGLE-GD-CEP-0544,F,158.63079,-59.808556,10.782,12.738,1.956,5.5733582
OGLE-GD-CEP-0545,F,158.65491,-58.022917,11.123,13.222,2.099,6.6623349
OGLE-GD-CEP-0546,1,159.02013,-58.871611,11.68,14.891,3.211,5.1789655
OGLE-GD-CEP-0547,F,159.061545,-58.421028,11.144,13.9,2.756,5.5169118
OGLE-GD-CEP-0548,F,159.11283,-62.192528,11.394,13.109,1.715,24.2276059
OGLE-GD-CEP-0550,F,159.23241,-61.581333,10.676,12.262,1.586,18.0605825
OGLE-GD-CEP-0551,1,159.41367,-60.647,15.023,16.714,1.691,1.4178937
OGLE-GD-CEP-0552,F,159.54738,-60.00475,15.771,18.994,3.223,4.1559494
OGLE-GD-CEP-0553,1,159.55908,-57.190528,14.659,17.181,2.522,2.0888478
OGLE-GD-CEP-0556,F,160.08291,-57.988083,16.318,19.954,3.636,3.2490342
OGLE-GD-CEP-0557,F,160.213335,-59.760778,14.416,18.007,3.591,12.9857213
OGLE-GD-CEP-0558,F,160.32387,-58.944472,13.975,19.439,5.464,43.117852
OGLE-GD-CEP-0559,F,160.35162,-59.432722,14.426,18.047,3.621,9.1203039
OGLE-GD-CEP-0560,F,160.36608,-60.570167,14.281,16.774,2.493,3.1906109
OGLE-GD-CEP-0561,F,160.389,-60.008139,12.714,15.147,2.433,8.7819876
OGLE-GD-CEP-0562,1,160.40946,-61.204333,14.067,16.197,2.13,4.0386443
OGLE-GD-CEP-0563,F,160.52487,-59.369361,15.008,19.155,4.147,5.4967955
OGLE-GD-CEP-0564,F,160.553505,-59.655028,12.367,15.296,2.929,18.8813696
OGLE-GD-CEP-0565,F,160.70967,-65.558056,15.851,17.125,1.274,3.1852203
OGLE-GD-CEP-0566,F,160.72446,-61.023611,11.841,13.406,1.565,4.4836468
OGLE-GD-CEP-0567,F,160.762995,-59.024694,16.058,19.688,3.63,4.483455
OGLE-GD-CEP-0568,F,160.829085,-59.191556,10.841,14.192,3.351,45.4368458
OGLE-GD-CEP-0569,F,160.873755,-58.696611,14.738,17.727,2.989,5.8203309
OGLE-GD-CEP-0570,F,161.058705,-59.684139,14.343,17.214,2.871,4.54326
OGLE-GD-CEP-0571,1,161.128245,-60.254806,15.268,18.128,2.86,2.4246327
OGLE-GD-CEP-0572,F,161.22537,-58.298,10.756,12.938,2.182,16.3343552
OGLE-GD-CEP-0573,F,161.39313,-60.725278,12.121,14.399,2.278,7.9836955
OGLE-GD-CEP-0574,F,161.67009,-59.226722,14.157,17.091,2.934,3.8863165
OGLE-GD-CEP-0575,F,161.686455,-60.268306,10.762,13.274,2.512,6.6110161
OGLE-GD-CEP-0576,1,161.77137,-62.176361,13.882,15.394,1.512,1.990857
OGLE-GD-CEP-0577,1,161.844795,-59.060833,15.716,18.409,2.693,1.498912
OGLE-GD-CEP-0578,F,162.007995,-59.326889,15.558,19.152,3.594,3.8386983
OGLE-GD-CEP-0579,1,162.08271,-59.812361,11.396,13.567,2.171,4.2433323
OGLE-GD-CEP-0580,F,162.096465,-60.653972,11.161,12.752,1.591,5.6645629
OGLE-GD-CEP-0581,F,162.10566,-58.526139,15.542,18.456,2.914,1.7947007
OGLE-GD-CEP-0582,F,162.24,-64.174194,12.701,14.124,1.423,5.1017798
OGLE-GD-CEP-0583,1,162.243165,-59.5615,16.499,19.581,3.082,1.4915249
OGLE-GD-CEP-0584,F,162.357915,-66.625361,13.21,14.446,1.236,4.0140818
OGLE-GD-CEP-0585,F,162.418755,-58.999667,11.862,14.175,2.313,12.7690944
OGLE-GD-CEP-0586,1,162.42513,-62.633639,13.537,15.046,1.509,2.4713224
OGLE-GD-CEP-0587,F,162.51741,-59.472417,11.885,14.373,2.488,6.4029744
OGLE-GD-CEP-0588,F,162.590955,-62.191417,14.162,15.903,1.741,3.0257382
OGLE-GD-CEP-0589,F,162.601545,-58.75575,13.148,15.667,2.519,3.3850535
OGLE-GD-CEP-0590,F,162.733035,-62.098,13.315,14.919,1.604,4.0955986
OGLE-GD-CEP-0592,F,162.975465,-61.467306,11.339,12.683,1.344,4.054734
OGLE-GD-CEP-0593,F,163.014495,-59.24425,13.66,15.749,2.089,4.2456989
OGLE-GD-CEP-0594,F,163.066545,-60.396611,12.065,14.706,2.641,17.4045168
OGLE-GD-CEP-0595,1,163.15512,-62.093667,14.764,16.59,1.826,1.6289978
OGLE-GD-CEP-0596,1,163.19325,-59.747278,12.065,14.219,2.154,3.9850768
OGLE-GD-CEP-0597,F,163.20321,-60.654583,11.703,14.023,2.32,12.1468398
OGLE-GD-CEP-0598,1,163.21608,-60.255167,15.886,18.529,2.643,0.6543999
OGLE-GD-CEP-0599,F,163.283295,-60.147972,13.623,16.142,2.519,3.5715551
OGLE-GD-CEP-0600,F,163.30788,-59.532361,13.35,16.185,2.835,4.5873816
OGLE-GD-CEP-0601,1,163.41396,-59.926472,12.753,14.723,1.97,2.6561677
OGLE-GD-CEP-0602,F,163.441215,-58.872639,13.903,16.349,2.446,4.1995919
OGLE-GD-CEP-0603,F,163.484715,-59.964722,10.55,12.55,2,23.2262843
OGLE-GD-CEP-0604,F,163.80108,-60.158444,10.962,13.414,2.452,20.5035761
OGLE-GD-CEP-0605,1,163.82166,-60.567056,12.134,14.174,2.04,3.126522
OGLE-GD-CEP-0606,1,163.97187,-59.533333,15.996,20.372,4.376,4.6258866
OGLE-GD-CEP-0608,F,164.800245,-60.311806,12.075,14.132,2.057,5.5564438
OGLE-GD-CEP-0609,F,164.80896,-60.225278,11.073,13.622,2.549,25.1162002
OGLE-GD-CEP-0610,F,164.838915,-62.724833,14.727,16.835,2.108,2.9559342
OGLE-GD-CEP-0611,F,164.85858,-59.486361,11.055,12.79,1.735,13.1550457
OGLE-GD-CEP-0612,F,165.104415,-60.993194,11.264,12.949,1.685,7.6386008
OGLE-GD-CEP-0613,1,165.118995,-62.046278,14.537,16.182,1.645,1.6623301
OGLE-GD-CEP-0614,F,165.238215,-62.438694,16.259,18.949,2.69,1.894778
OGLE-GD-CEP-0615,F,165.24558,-60.74125,15.938,20.396,4.458,6.9333084
OGLE-GD-CEP-0616,F,165.36858,-64.290667,12.71,14.335,1.625,7.1213761
OGLE-GD-CEP-0617,F,165.392745,-62.210222,11.172,12.793,1.621,9.8525556
OGLE-GD-CEP-0618,F,165.44208,-60.901333,16.138,20.315,4.177,4.3895776
OGLE-GD-CEP-0619,F,165.521415,-62.289917,13.491,15.109,1.618,3.2892054
OGLE-GD-CEP-0620,1,165.57429,-60.587667,13.209,-99.99,-99.99,3.9604666
OGLE-GD-CEP-0621,F,166.008915,-59.994167,12.883,15.592,2.709,5.7709563
OGLE-GD-CEP-0622,F,166.275705,-60.18625,14.074,17.255,3.181,5.9754873
OGLE-GD-CEP-0623,F,166.49916,-61.439306,15.108,18.061,2.953,4.9954208
OGLE-GD-CEP-0624,F,166.581495,-61.566389,12.547,14.161,1.614,4.9672103
OGLE-GD-CEP-0625,1,166.966005,-63.723556,14.676,16.277,1.601,1.3124465
OGLE-GD-CEP-0626,F,167.04567,-59.031361,14.5,15.994,1.494,2.704578
OGLE-GD-CEP-0627,F,167.143665,-62.098889,13.75,17.065,3.315,11.2790983
OGLE-GD-CEP-0628,F,167.17584,-61.898444,15.965,19.666,3.701,2.4305324
OGLE-GD-CEP-0629,F,167.29971,-60.780028,16.769,-99.99,-99.99,3.879455
OGLE-GD-CEP-0630,F,167.608005,-63.506278,14.616,16.804,2.188,3.822518
OGLE-GD-CEP-0631,F,167.62104,-61.304083,14.06,-99.99,-99.99,26.2837441
OGLE-GD-CEP-0632,1,167.953335,-65.207333,13.389,15.206,1.817,3.6676769
OGLE-GD-CEP-0633,1,167.98467,-59.56725,14.518,16.627,2.109,1.9643861
OGLE-GD-CEP-0634,1,168.157215,-61.693639,15.485,19.089,3.604,2.2679171
OGLE-GD-CEP-0635,F,168.249495,-62.70625,15.21,18.243,3.033,4.0022973
OGLE-GD-CEP-0636,F,168.268785,-61.933417,13.914,-99.99,-99.99,11.9026861
OGLE-GD-CEP-0637,F,168.284745,-62.092806,15.794,19.264,3.47,3.9894367
OGLE-GD-CEP-0638,F,168.49062,-62.138556,14.787,18.882,4.095,11.517651
OGLE-GD-CEP-0639,F,168.608625,-64.184528,15.617,18.087,2.47,3.3404201
OGLE-GD-CEP-0640,F,168.620955,-62.016861,16.914,-99.99,-99.99,4.7482149
OGLE-GD-CEP-0641,1,168.658965,-61.213833,15.713,17.946,2.233,0.3587898
OGLE-GD-CEP-0642,F,168.752625,-63.385611,16.208,18.908,2.7,2.9544314
OGLE-GD-CEP-0644,F,169.07067,-60.077556,14.194,16.343,2.149,3.522641
OGLE-GD-CEP-0645,F,169.07358,-61.838194,15.153,18.912,3.759,5.1007636
OGLE-GD-CEP-0646,F,169.120545,-61.204,12.225,15.261,3.036,17.14441
OGLE-GD-CEP-0647,1,169.145295,-60.125972,16.611,18.191,1.58,0.8399956
OGLE-GD-CEP-0648,F,169.233255,-61.850889,14.343,18.586,4.243,14.2913513
OGLE-GD-CEP-0649,1,169.28571,-65.512194,13.512,15.49,1.978,6.358918
OGLE-GD-CEP-0650,F,169.475295,-61.647722,13.819,17.271,3.452,9.3035399
OGLE-GD-CEP-0651,F,169.589505,-59.237972,11.621,13.025,1.404,6.3940292
OGLE-GD-CEP-0652,1,169.61946,-61.157139,15.8,18.785,2.985,2.8328472
OGLE-GD-CEP-0653,F,169.742955,-62.62475,16.973,21.307,4.334,4.1243508
OGLE-GD-CEP-0654,1,169.817085,-60.222611,13.503,15.269,1.766,1.6804729
OGLE-GD-CEP-0655,1,169.959165,-60.843111,13.666,16.622,2.956,2.830885
OGLE-GD-CEP-0656,F,170.054505,-61.504306,12.102,14.523,2.421,5.7426717
OGLE-GD-CEP-0657,F,170.163,-61.831222,10.524,13.127,2.603,13.3687428
OGLE-GD-CEP-0658,F,170.33808,-60.751806,12.205,14.565,2.36,9.4205665
OGLE-GD-CEP-0659,F,170.736045,-61.551806,13.233,17.296,4.063,23.7251584
OGLE-GD-CEP-0660,1,171.008085,-64.074417,16.19,18.859,2.669,1.8973416
OGLE-GD-CEP-0661,F,171.48492,-61.526417,16.918,-99.99,-99.99,3.5829003
OGLE-GD-CEP-0662,1,171.492,-59.999639,15.652,17.122,1.47,0.2810433
OGLE-GD-CEP-0663,F,171.493035,-61.738556,15.636,19.537,3.901,5.3541524
OGLE-GD-CEP-0664,1,171.52116,-59.95025,15.76,17.556,1.796,1.2493208
OGLE-GD-CEP-0665,F,171.570495,-60.508917,14.754,17.305,2.551,3.8947848
OGLE-GD-CEP-0666,F,171.646545,-65.582194,13.962,15.689,1.727,3.1168599
OGLE-GD-CEP-0667,1,171.696585,-58.8195,12.004,13.301,1.297,3.3271336
OGLE-GD-CEP-0668,1,171.76941,-61.728667,13.725,16.882,3.157,3.9650983
OGLE-GD-CEP-0669,F,171.889035,-60.350139,17.197,19.067,1.87,8.0348998
OGLE-GD-CEP-0670,1,171.930285,-61.676778,15.745,19.97,4.225,3.6007957
OGLE-GD-CEP-0671,F,171.931455,-62.121639,15.963,-99.99,-99.99,23.0179689
OGLE-GD-CEP-0672,1,172.157955,-60.872944,12.634,14.56,1.926,3.6540702
OGLE-GD-CEP-0673,F,172.56225,-60.440333,14.718,17.197,2.479,7.0184369
OGLE-GD-CEP-0674,F,172.567215,-61.747944,15.339,19.212,3.873,5.0679949
OGLE-GD-CEP-0675,1,172.595085,-62.437528,11.289,13.559,2.27,3.1502383
OGLE-GD-CEP-0676,1,172.774215,-61.950222,16.812,-99.99,-99.99,5.0996787
OGLE-GD-CEP-0678,F,172.84737,-60.583389,12.022,13.705,1.683,7.3440787
OGLE-GD-CEP-0679,F,172.92837,-60.734556,12.217,13.634,1.417,3.8975558
OGLE-GD-CEP-0680,1,173.035545,-63.458556,17.251,19.727,2.476,5.5896204
OGLE-GD-CEP-0681,F,173.064465,-61.441806,16.811,-99.99,-99.99,3.1063054
OGLE-GD-CEP-0682,1,173.20812,-64.026639,16.869,20.163,3.294,1.8450486
OGLE-GD-CEP-0683,1,173.708625,-65.089361,15.423,17.376,1.953,1.1645143
OGLE-GD-CEP-0684,F,173.768535,-61.483361,14.319,17.73,3.411,5.8669499
OGLE-GD-CEP-0685,F,173.80596,-60.914639,13.179,14.67,1.491,3.1274648
OGLE-GD-CEP-0686,1,173.90016,-61.739583,15.001,18.274,3.273,2.7465624
OGLE-GD-CEP-0687,1,174.74658,-59.4305,15.361,16.864,1.503,1.1563737
OGLE-GD-CEP-0688,F,174.75942,-65.206639,13.47,15.375,1.905,8.0032635
OGLE-GD-CEP-0689,F,174.97554,-61.881194,15.073,-99.99,-99.99,10.2649845
OGLE-GD-CEP-0691,F,175.19241,-63.827333,16.986,-99.99,-99.99,3.7541894
OGLE-GD-CEP-0692,F,175.260585,-61.92425,15.11,18.437,3.327,3.5572726
OGLE-GD-CEP-0693,F,175.331085,-62.264778,10.665,12.876,2.211,5.8926742
OGLE-GD-CEP-0694,F,175.63692,-65.216361,12.975,14.865,1.89,10.4916779
OGLE-GD-CEP-0696,F,176.18067,-63.012056,16.138,19.836,3.698,9.0971656
OGLE-GD-CEP-0697,F,176.237205,-62.205139,16.207,19.63,3.423,2.3210257
OGLE-GD-CEP-0698,F,176.28141,-63.536083,14.165,17.176,3.011,5.9494039
OGLE-GD-CEP-0700,F,176.63388,-61.641,12.039,14.53,2.491,6.6861395
OGLE-GD-CEP-0701,F,176.712255,-63.736639,15.676,18.947,3.271,3.4498907
OGLE-GD-CEP-0702,F,176.79384,-62.164917,12.935,15.282,2.347,6.4280618
OGLE-GD-CEP-0703,1,177.18675,-62.802833,12.393,13.704,1.311,0.5216413
OGLE-GD-CEP-0704,F,177.232965,-62.891167,17.135,-99.99,-99.99,2.8424267
OGLE-GD-CEP-0705,F,177.24579,-62.428861,11.524,14.001,2.477,11.0980427
OGLE-GD-CEP-0707,1,177.313125,-64.401611,15.302,18.279,2.977,3.1241838
OGLE-GD-CEP-0708,1,177.35763,-60.619139,16.879,18.889,2.01,0.2949703
OGLE-GD-CEP-0709,F,177.39108,-61.650278,16.492,-99.99,-99.99,4.5195657
OGLE-GD-CEP-0710,F,177.83658,-62.737722,14.896,18.634,3.738,4.9917916
OGLE-GD-CEP-0711,F,177.84141,-62.977167,15.129,18.746,3.617,6.1857621
OGLE-GD-CEP-0712,1,177.917295,-63.375083,17.009,-99.99,-99.99,1.5463922
OGLE-GD-CEP-0713,F,177.925245,-63.233917,14.037,16.777,2.74,3.6426503
OGLE-GD-CEP-0714,F,178.064955,-62.85325,16.103,-99.99,-99.99,4.5020548
OGLE-GD-CEP-0715,1,178.159875,-64.095139,15.518,18.1,2.582,2.2015881
OGLE-GD-CEP-0716,F,178.278915,-62.719306,11.904,14.244,2.34,11.5782807
OGLE-GD-CEP-0717,1,178.477455,-66.155528,14.477,15.872,1.395,1.6122438
OGLE-GD-CEP-0718,F,178.66854,-62.289222,12.357,14.559,2.202,6.5756778
OGLE-GD-CEP-0719,F,178.70409,-63.563194,16.049,19.595,3.546,3.069993
OGLE-GD-CEP-0721,F,178.81509,-65.505417,14.859,16.733,1.874,2.7011462
OGLE-GD-CEP-0723,F,179.020755,-64.470417,13.751,15.922,2.171,5.5301462
OGLE-GD-CEP-0724,1,179.139465,-63.461306,12.52,14.783,2.263,2.5498197
OGLE-GD-CEP-0725,F,179.391495,-65.171222,14.856,17.629,2.773,4.4606474
OGLE-GD-CEP-0726,F,179.566665,-62.678444,14.629,17.955,3.326,5.5340056
OGLE-GD-CEP-0727,1,179.578785,-65.449222,14.652,16.491,1.839,1.6512837
OGLE-GD-CEP-0728,1,179.693505,-62.133139,12.996,15.234,2.238,3.1476038
OGLE-GD-CEP-0729,F,179.776245,-64.033778,14.681,17.466,2.785,4.4962503
OGLE-GD-CEP-0730,F,179.8215,-64.224528,15.286,17.902,2.616,3.5241805
OGLE-GD-CEP-0731,1,179.83863,-62.109361,13.955,16.174,2.219,2.4012455
OGLE-GD-CEP-0732,F,179.86359,-64.570139,14.88,17.342,2.462,4.2255266
OGLE-GD-CEP-0733,F,179.90121,-63.879694,16.155,-99.99,-99.99,4.372827
OGLE-GD-CEP-0734,1,179.95962,-63.021889,13.557,16.49,2.933,3.6917798
OGLE-GD-CEP-0735,F,180.00741,-59.872528,18.177,20.131,1.954,3.4670783
OGLE-GD-CEP-0736,F,180.049995,-63.497722,14.812,18.762,3.95,13.6890011
OGLE-GD-CEP-0737,F,180.14358,-65.360611,13.512,15.974,2.462,11.4518207
OGLE-GD-CEP-0738,1,180.37563,-66.95775,13.364,13.795,0.431,2.8802128
OGLE-GD-CEP-0739,F,180.48609,-64.851583,13.179,15.277,2.098,9.9824559
OGLE-GD-CEP-0740,F,180.486255,-63.165861,17.169,-99.99,-99.99,8.2879438
OGLE-GD-CEP-0741,1,180.518505,-62.221861,16.76,-99.99,-99.99,2.0707876
OGLE-GD-CEP-0742,1,180.55434,-61.933944,14.826,18.354,3.528,2.9396964
OGLE-GD-CEP-0744,1,180.71658,-66.108333,14.093,15.537,1.444,1.618839
OGLE-GD-CEP-0745,F,180.743625,-62.496722,12.431,15.157,2.726,9.0115413
OGLE-GD-CEP-0746,F,180.914205,-64.654278,15.925,19.137,3.212,3.501538
OGLE-GD-CEP-0747,F,180.93696,-64.652028,15.503,18.574,3.071,5.0796134
OGLE-GD-CEP-0749,F,181.204005,-63.633306,14.228,17.653,3.425,6.8187638
OGLE-GD-CEP-0750,F,181.248705,-63.399556,13.504,16.478,2.974,5.4152135
OGLE-GD-CEP-0751,F,181.61916,-63.660611,13.657,16.057,2.4,3.9941763
OGLE-GD-CEP-0752,F,181.667715,-62.596861,11.022,12.787,1.765,4.9882849
OGLE-GD-CEP-0754,F,181.971165,-62.037444,15.244,19.513,4.269,7.1419941
OGLE-GD-CEP-0755,F,182.159745,-63.90275,14.474,17.2,2.726,6.3083329
OGLE-GD-CEP-0756,F,182.28975,-64.7055,16.02,18.429,2.409,1.7251977
OGLE-GD-CEP-0757,F,182.517285,-63.613306,14.606,17.753,3.147,10.6273168
OGLE-GD-CEP-0758,1,182.662785,-62.497028,15.721,19.61,3.889,2.2414268
OGLE-GD-CEP-0759,F,182.78979,-63.551306,15.112,18.329,3.217,5.5596936
OGLE-GD-CEP-0760,F,182.97975,-61.684944,16.321,19.981,3.66,3.0635661
OGLE-GD-CEP-0761,F,183.023205,-63.623472,16.364,19.782,3.418,4.0911545
OGLE-GD-CEP-0762,F,183.178785,-62.745944,14.179,17.506,3.327,5.5192275
OGLE-GD-CEP-0763,F,183.29838,-63.176972,14.919,19.024,4.105,6.1051549
OGLE-GD-CEP-0764,F,183.38271,-64.15375,14.176,16.996,2.82,7.7309584
OGLE-GD-CEP-0766,1,184.022835,-63.406389,15.598,19.165,3.567,2.6367443
OGLE-GD-CEP-0767,1,184.16475,-64.196889,15.342,17.991,2.649,1.8288981
OGLE-GD-CEP-0768,1,184.29591,-62.326611,17.001,18.658,1.657,3.6441771
OGLE-GD-CEP-0769,F,184.39017,-65.754,12.898,14.258,1.36,7.1420594
OGLE-GD-CEP-0770,F,184.589085,-63.424917,12.8,15.176,2.376,3.9848897
OGLE-GD-CEP-0771,F,184.6215,-61.866056,14.624,18.517,3.893,5.3319744
OGLE-GD-CEP-0772,F,184.704915,-63.1675,12.469,15.641,3.172,12.9277837
OGLE-GD-CEP-0773,1,184.74837,-64.170083,16.571,19.535,2.964,1.7041112
OGLE-GD-CEP-0774,F,184.826715,-64.190472,14.213,17.353,3.14,10.2991895
OGLE-GD-CEP-0775,F,184.906995,-62.672833,13.861,19.061,5.2,42.5137714
OGLE-GD-CEP-0776,F,185.086125,-63.729944,16.37,20.442,4.072,6.8228109
OGLE-GD-CEP-0777,1,185.15559,-61.971,15.356,19.858,4.502,4.1426571
OGLE-GD-CEP-0778,F,185.278545,-64.000917,14.187,17.19,3.003,3.980306
OGLE-GD-CEP-0779,1,185.33787,-63.185222,12.262,14.77,2.508,4.9840546
OGLE-GD-CEP-0780,F,185.708955,-64.442361,15.567,17.927,2.36,2.3063294
OGLE-GD-CEP-0781,F,185.725755,-62.161028,17.246,20.381,3.135,7.982997
OGLE-GD-CEP-0782,F,185.893125,-64.729472,13.275,15.104,1.829,4.0500406
OGLE-GD-CEP-0784,F,186.11484,-63.427778,15.228,18.375,3.147,3.608729
OGLE-GD-CEP-0785,F,186.196455,-63.409139,15.281,18.774,3.493,4.8269496
OGLE-GD-CEP-0786,1,186.25296,-63.785917,16.33,19.611,3.281,1.6338355
OGLE-GD-CEP-0787,F,186.71013,-62.329278,14.653,18.646,3.993,6.8376378
OGLE-GD-CEP-0788,F,186.988965,-61.627056,12.363,17.056,4.693,28.2665937
OGLE-GD-CEP-0789,1,186.989505,-63.027444,13.994,17.201,3.207,3.0879649
OGLE-GD-CEP-0791,F,187.06491,-65.04975,13.438,15.176,1.738,4.7279485
OGLE-GD-CEP-0792,F,187.17033,-64.708722,15.226,17.985,2.759,4.7889964
OGLE-GD-CEP-0793,1,187.283505,-60.187583,13.739,15.506,1.767,4.286491
OGLE-GD-CEP-0794,F,187.471035,-68.278667,13.665,14.724,1.059,2.9822179
OGLE-GD-CEP-0795,F,187.47954,-63.666167,16.201,19.912,3.711,4.3656858
OGLE-GD-CEP-0796,1,187.48638,-62.446806,11.004,13.529,2.525,5.0226558
OGLE-GD-CEP-0797,1,187.60662,-65.815944,15.677,17.432,1.755,0.9953755
OGLE-GD-CEP-0798,1,188.05191,-64.199528,13.95,16.056,2.106,3.8089729
OGLE-GD-CEP-0799,F,188.329665,-64.108583,14.268,16.572,2.304,3.186449
OGLE-GD-CEP-0800,F,188.36367,-61.733361,14.046,19.355,5.309,20.015416
OGLE-GD-CEP-0801,1,188.37666,-63.650556,13.483,16.992,3.509,2.5422778
OGLE-GD-CEP-0802,F,188.491665,-64.186056,13.206,15.617,2.411,10.198561
OGLE-GD-CEP-0803,F,188.533125,-62.338944,17.155,-99.99,-99.99,6.6522819
OGLE-GD-CEP-0804,1,188.67591,-63.416611,15.088,19.019,3.931,4.1094609
OGLE-GD-CEP-0805,1,189.03867,-62.341833,14.396,18.731,4.335,4.2158721
OGLE-GD-CEP-0807,F,189.228465,-63.842806,16.985,-99.99,-99.99,7.2320344
OGLE-GD-CEP-0808,F,189.52866,-66.383056,14.187,15.403,1.216,2.0655177
OGLE-GD-CEP-0809,F,189.538545,-63.732528,13.915,-99.99,-99.99,8.2482139
OGLE-GD-CEP-0810,F,189.62937,-63.978917,15.173,19.246,4.073,10.9295925
OGLE-GD-CEP-0811,F,189.63096,-63.573722,14.258,17.971,3.713,10.3727597
OGLE-GD-CEP-0812,1,189.775035,-66.095722,11.492,11.952,0.46,7.361854
OGLE-GD-CEP-0813,F,189.890415,-62.108,12.015,15.493,3.478,9.0765295
OGLE-GD-CEP-0814,F,190.024005,-63.3945,15.231,19.285,4.054,6.7372248
OGLE-GD-CEP-0815,F,190.2135,-64.57875,14.942,17.527,2.585,3.1799989
OGLE-GD-CEP-0816,F,190.229535,-62.935222,17.476,-99.99,-99.99,10.7922156
OGLE-GD-CEP-0817,1,190.56438,-66.0515,15.431,16.704,1.273,0.7188764
OGLE-GD-CEP-0818,F,190.58691,-63.224333,17.419,-99.99,-99.99,7.63988
OGLE-GD-CEP-0819,1,190.60533,-65.043167,15.658,17.757,2.099,1.8479296
OGLE-GD-CEP-0820,F,190.629285,-62.858944,17.707,-99.99,-99.99,7.4570227
OGLE-GD-CEP-0821,F,190.943205,-64.391,14.488,17.09,2.602,3.3687921
OGLE-GD-CEP-0823,F,191.08962,-63.012389,11.457,14.958,3.501,12.6682808
OGLE-GD-CEP-0824,1,191.15517,-65.92175,14.619,15.849,1.23,1.4660687
OGLE-GD-CEP-0825,F,191.33142,-64.289333,16.121,19.003,2.882,2.9875944
OGLE-GD-CEP-0826,F,191.387715,-62.878056,17.219,-99.99,-99.99,29.1428194
OGLE-GD-CEP-0827,F,191.51613,-63.902306,16.086,-99.99,-99.99,7.6480819
OGLE-GD-CEP-0828,F,191.58588,-62.552528,16.202,-99.99,-99.99,17.0415612
OGLE-GD-CEP-0829,F,191.62854,-63.915417,17.291,-99.99,-99.99,3.7213137
OGLE-GD-CEP-0830,F,191.851335,-64.106972,14.38,17.886,3.506,7.0927913
OGLE-GD-CEP-0831,1,191.87463,-65.850583,15.128,16.935,1.807,1.1938817
OGLE-GD-CEP-0832,1,192.163755,-69.052778,15.999,17.346,1.347,3.066264
OGLE-GD-CEP-0833,F,192.29733,-63.323806,14.69,20.574,5.884,18.4778844
OGLE-GD-CEP-0834,1,192.80634,-65.040306,14.229,15.93,1.701,2.0155113
OGLE-GD-CEP-0835,F,192.954495,-63.20475,13.521,17.587,4.066,7.7906388
OGLE-GD-CEP-0836,F,192.995295,-63.887,11.916,15.236,3.32,29.6810417
OGLE-GD-CEP-0837,F,193.30167,-67.964222,13.623,14.791,1.168,3.4011429
OGLE-GD-CEP-0838,F,193.30812,-62.76525,14.911,20.242,5.331,12.5009861
OGLE-GD-CEP-0840,1,193.365795,-65.025611,14.385,16.169,1.784,2.0332349
OGLE-GD-CEP-0841,F,193.43283,-65.899722,10.986,12.35,1.364,26.4498975
OGLE-GD-CEP-0842,F,193.475535,-64.907194,14.63,16.933,2.303,3.7600285
OGLE-GD-CEP-0843,1,193.69146,-65.849472,15.646,17.229,1.583,6.0846646
OGLE-GD-CEP-0845,F,193.748295,-65.200639,13.526,15.386,1.86,4.1014113
OGLE-GD-CEP-0846,F,193.75341,-63.494778,13.84,17.45,3.61,6.6840332
OGLE-GD-CEP-0847,1,193.87446,-64.662528,17.048,19.608,2.56,0.5474537
OGLE-GD-CEP-0848,F,193.946535,-64.691639,14.66,-99.99,-99.99,4.2289831
OGLE-GD-CEP-0849,F,194.13588,-62.415833,11.521,14.95,3.429,13.0510752
OGLE-GD-CEP-0850,1,194.244375,-60.716861,13.769,16.703,2.934,3.674941
OGLE-GD-CEP-0851,F,194.612715,-64.460389,15.172,17.585,2.413,3.2336375
OGLE-GD-CEP-0852,1,194.705085,-61.188556,13.162,14.556,1.394,1.2692418
OGLE-GD-CEP-0853,F,194.750415,-64.083417,11.842,14.401,2.559,8.0840503
OGLE-GD-CEP-0854,F,194.751585,-68.578556,12.548,13.474,0.926,3.7972642
OGLE-GD-CEP-0855,F,194.854245,-65.496444,14.66,16.536,1.876,3.0124984
OGLE-GD-CEP-0856,1,194.957835,-63.616333,14.794,18.961,4.167,6.0343381
OGLE-GD-CEP-0857,F,195.03525,-65.048944,13.4,15.659,2.259,9.0693341
OGLE-GD-CEP-0858,F,195.15708,-62.600278,13.434,-99.99,-99.99,14.34768
OGLE-GD-CEP-0859,1,195.17229,-64.835694,15.531,17.719,2.188,1.737484
OGLE-GD-CEP-0860,F,195.315465,-65.108861,13.159,15.587,2.428,11.1532706
OGLE-GD-CEP-0861,F,195.33738,-62.890111,16.136,-99.99,-99.99,13.0942705
OGLE-GD-CEP-0862,F,195.34467,-64.513667,14.574,16.924,2.35,4.3249134
OGLE-GD-CEP-0863,1,195.395745,-63.372833,12.284,16.375,4.091,6.479607
OGLE-GD-CEP-0865,1,195.666495,-64.033083,16.772,20.83,4.058,3.9982951
OGLE-GD-CEP-0866,F,195.81138,-63.814389,17.525,-99.99,-99.99,7.1439324
OGLE-GD-CEP-0867,F,195.97413,-66.332917,14.397,15.941,1.544,3.0839325
OGLE-GD-CEP-0868,F,196.17963,-64.923611,14.535,16.86,2.325,4.4514295
OGLE-GD-CEP-0869,1,196.298535,-65.322306,14.102,15.652,1.55,1.6503943
OGLE-GD-CEP-0870,1,196.479045,-67.306306,14.375,15.419,1.044,1.312718
OGLE-GD-CEP-0871,F,196.52196,-62.175417,12.976,18.689,5.713,42.6736402
OGLE-GD-CEP-0872,F,196.56087,-62.94025,13.859,18.741,4.882,8.2099906
OGLE-GD-CEP-0873,F,196.64712,-65.099417,13.805,15.707,1.902,4.2956383
OGLE-GD-CEP-0874,1,196.71975,-64.533056,15.48,17.894,2.414,1.7657344
OGLE-GD-CEP-0875,F,196.747545,-64.168528,15.83,19.114,3.284,4.0007108
OGLE-GD-CEP-0876,F,196.824705,-63.778639,13.035,16.024,2.989,4.473086
OGLE-GD-CEP-0877,F,197.00058,-63.97075,16.246,20.268,4.022,5.0515037
OGLE-GD-CEP-0878,1,197.221035,-64.079361,13.986,17.197,3.211,6.0162623
OGLE-GD-CEP-0879,1,197.23683,-66.243833,14.174,15.491,1.317,1.9223995
OGLE-GD-CEP-0880,1,197.28879,-66.095639,14.293,15.943,1.65,2.4062103
OGLE-GD-CEP-0881,F,197.453415,-64.083722,15.907,19.728,3.821,6.0400542
OGLE-GD-CEP-0882,1,197.53038,-65.318139,13.773,15.165,1.392,2.0223278
OGLE-GD-CEP-0883,F,197.54166,-64.417778,15.124,18.014,2.89,4.9376667
OGLE-GD-CEP-0884,F,197.788035,-63.926694,17.542,-99.99,-99.99,4.1650273
OGLE-GD-CEP-0885,F,197.91858,-63.186528,15.589,-99.99,-99.99,23.4580277
OGLE-GD-CEP-0887,F,197.963415,-64.1605,14.327,17.052,2.725,4.616346
OGLE-GD-CEP-0888,1,198.061335,-63.718083,16.684,-99.99,-99.99,4.8377153
OGLE-GD-CEP-0889,F,198.460755,-64.441222,11.817,14.688,2.871,45.1655068
OGLE-GD-CEP-0890,1,198.50067,-62.498444,10.587,-99.99,-99.99,6.3786865
OGLE-GD-CEP-0891,1,198.62946,-64.702139,14.136,16.094,1.958,2.5304979
OGLE-GD-CEP-0892,F,198.754125,-64.135639,15.369,18.474,3.105,5.2581417
OGLE-GD-CEP-0893,F,198.86112,-63.237389,16.672,-99.99,-99.99,44.284587
OGLE-GD-CEP-0894,1,198.87846,-64.091528,16.026,18.357,2.331,0.3835985
OGLE-GD-CEP-0895,F,199.066545,-63.262472,17.127,-99.99,-99.99,29.8737893
OGLE-GD-CEP-0896,F,199.329165,-66.117167,14.615,16.147,1.532,2.6573805
OGLE-GD-CEP-0897,F,199.40313,-63.668361,14.015,-99.99,-99.99,12.9747107
OGLE-GD-CEP-0898,F,199.410465,-64.091361,13.361,17.726,4.365,39.2755855
OGLE-GD-CEP-0900,F,199.60554,-64.004111,15.371,18.677,3.306,4.2116991
OGLE-GD-CEP-0901,F,199.92237,-66.925194,14.927,16.189,1.262,1.880949
OGLE-GD-CEP-0902,F,200.140995,-64.061833,15.428,19.204,3.776,5.7966818
OGLE-GD-CEP-0903,F,200.260755,-65.081556,15.641,17.474,1.833,2.5197848
OGLE-GD-CEP-0904,F,200.500005,-62.286806,16.113,-99.99,-99.99,16.7547072
OGLE-GD-CEP-0905,F,200.59617,-62.852806,12.716,16.081,3.365,10.3011119
OGLE-GD-CEP-0906,1,200.621295,-63.049167,14.441,18.854,4.413,4.4535462
OGLE-GD-CEP-0907,F,200.94534,-64.047667,15.718,18.261,2.543,7.9567745
OGLE-GD-CEP-0908,F,200.98734,-64.562306,15.264,17.518,2.254,3.1029474
OGLE-GD-CEP-0909,F,201.01209,-63.577694,13.987,16.586,2.599,8.8326217
OGLE-GD-CEP-0911,1,201.20709,-63.615944,16.014,18.447,2.433,1.2927027
OGLE-GD-CEP-0912,F,201.373755,-64.417694,13.016,15.297,2.281,11.4148085
OGLE-GD-CEP-0913,1,201.38484,-63.320583,11.124,12.786,1.662,3.3594171
OGLE-GD-CEP-0914,F,201.439005,-64.097611,13.231,15.88,2.649,2.7230942
OGLE-GD-CEP-0915,1,201.478035,-63.433833,14.106,16.853,2.747,3.8973498
OGLE-GD-CEP-0916,1,201.670755,-65.866833,14.348,15.788,1.44,1.9303127
OGLE-GD-CEP-0917,F,201.819165,-62.794611,15.025,19.877,4.852,6.6767585
OGLE-GD-CEP-0918,F,201.840045,-63.019639,10.635,13.228,2.593,15.2175919
OGLE-GD-CEP-0919,1,201.92388,-63.414972,16.808,20.08,3.272,1.6000418
OGLE-GD-CEP-0920,1,202.24179,-62.586944,14.827,18.811,3.984,2.5086551
OGLE-GD-CEP-0921,F,202.276545,-64.324389,15.395,18.444,3.049,3.6430812
OGLE-GD-CEP-0922,1,202.46379,-63.262694,15.369,18.683,3.314,1.7644886
OGLE-GD-CEP-0923,F,202.59741,-64.562583,13.827,16.017,2.19,5.7577396
OGLE-GD-CEP-0924,F,202.61046,-63.523667,12.845,16.033,3.188,33.1251639
OGLE-GD-CEP-0925,1,202.75716,-65.310694,15.575,17.403,1.828,0.8154468
OGLE-GD-CEP-0926,F,202.808295,-63.549333,16.548,-99.99,-99.99,4.3808632
OGLE-GD-CEP-0927,F,202.86558,-65.327194,14.62,16.328,1.708,3.0621848
OGLE-GD-CEP-0928,1,203.273745,-64.581806,14.408,16.222,1.814,2.0062072
OGLE-GD-CEP-0929,F,203.455755,-63.586861,16.243,20.051,3.808,6.4795243
OGLE-GD-CEP-0930,F,203.62308,-62.556028,14.949,20.782,5.833,23.6075166
OGLE-GD-CEP-0931,F,203.663415,-67.377556,14.635,15.883,1.248,2.0785458
OGLE-GD-CEP-0932,1,203.93121,-62.667472,11.713,14.875,3.162,4.2546233
OGLE-GD-CEP-0933,F,204.02625,-62.3825,17.291,-99.99,-99.99,11.7561903
OGLE-GD-CEP-0934,1,204.44859,-65.785611,14.634,16.116,1.482,1.5888228
OGLE-GD-CEP-0935,1,204.44988,-64.844083,16.115,18.162,2.047,1.0115321
OGLE-GD-CEP-0936,1,204.487125,-64.581306,16.166,17.883,1.717,0.3095037
OGLE-GD-CEP-0938,F,204.61788,-64.0905,16.8,-99.99,-99.99,4.5197034
OGLE-GD-CEP-0939,1,204.95958,-63.680472,11.103,13.533,2.43,3.7920417
OGLE-GD-CEP-0941,F,204.98979,-63.7965,15.842,19.109,3.267,3.3917051
OGLE-GD-CEP-0942,F,205.158165,-63.374972,10.982,13.419,2.437,5.554791
OGLE-GD-CEP-0944,1,205.566,-66.972778,14.5,15.573,1.073,1.3918938
OGLE-GD-CEP-0946,F,205.839585,-62.040528,17.255,-99.99,-99.99,14.1429194
OGLE-GD-CEP-0947,F,206.046495,-65.608861,14.922,16.317,1.395,2.0272746
OGLE-GD-CEP-0948,F,206.058465,-63.673833,15.612,20.245,4.633,5.651368
OGLE-GD-CEP-0949,F,206.270085,-62.755528,16.601,-99.99,-99.99,11.5794471
OGLE-GD-CEP-0950,F,206.33091,-64.027611,15.39,17.963,2.573,3.31709
OGLE-GD-CEP-0951,F,206.58354,-67.005139,14.708,15.961,1.253,1.9300976
OGLE-GD-CEP-0952,F,206.692455,-62.463167,15.475,-99.99,-99.99,12.2734807
OGLE-GD-CEP-0953,F,206.853795,-68.249889,12.91,13.941,1.031,4.5248243
OGLE-GD-CEP-0954,F,207.22242,-63.497389,15.454,19.626,4.172,4.8072933
OGLE-GD-CEP-0955,1,207.460335,-59.81075,14.318,16.67,2.352,5.4727688
OGLE-GD-CEP-0956,F,207.52746,-64.567278,15.858,17.89,2.032,1.4157557
OGLE-GD-CEP-0958,F,208.45692,-65.231556,14.649,16.111,1.462,2.9149344
OGLE-GD-CEP-0959,F,209.01042,-64.45625,15.244,17.535,2.291,2.9615542
OGLE-GD-CEP-0960,F,209.35566,-62.71925,15.7,-99.99,-99.99,9.2175644
OGLE-GD-CEP-0961,F,209.41191,-64.762389,16.488,18.298,1.81,18.7685927
OGLE-GD-CEP-0962,1,209.756535,-61.006611,13.894,15.338,1.444,4.8118635
OGLE-GD-CEP-0963,F,210.1665,-63.173639,17.548,-99.99,-99.99,4.8218868
OGLE-GD-CEP-0964,F,210.19134,-62.00025,17.043,-99.99,-99.99,10.2601029
OGLE-GD-CEP-0965,1,210.901785,-61.228444,13.365,17.679,4.314,4.744453
OGLE-GD-CEP-0966,F,211.09959,-63.942528,16.138,18.875,2.737,2.5026066
OGLE-GD-CEP-0967,F,211.289625,-60.479056,11.782,14.678,2.896,4.9481776
OGLE-GD-CEP-0968,F,211.331835,-61.679472,16.18,-99.99,-99.99,16.4643609
OGLE-GD-CEP-0969,F,211.399035,-62.485583,17.236,-99.99,-99.99,7.9030262
OGLE-GD-CEP-0970,F,211.704915,-61.731417,12.392,16.625,4.233,9.8318499
OGLE-GD-CEP-0971,F,212.79342,-61.563861,17.41,-99.99,-99.99,16.4768208
OGLE-GD-CEP-0972,1,212.797965,-63.4075,16.004,19.093,3.089,2.5069893
OGLE-GD-CEP-0973,F,213.22758,-63.080694,17.51,-99.99,-99.99,4.327962
OGLE-GD-CEP-0974,F,213.760245,-62.735917,11.245,14.765,3.52,12.5403314
OGLE-GD-CEP-0975,1,213.973665,-63.538278,16.241,18.88,2.639,1.6329594
OGLE-GD-CEP-0976,F,213.98175,-60.616306,16.443,-99.99,-99.99,11.6139123
OGLE-GD-CEP-0977,F,214.285215,-63.416639,15.269,18.033,2.764,4.6741921
OGLE-GD-CEP-0978,F,214.401705,-61.26675,12.215,16.314,4.099,8.3877398
OGLE-GD-CEP-0979,F,214.510965,-64.421444,13.099,14.776,1.677,8.1991308
OGLE-GD-CEP-0981,F,215.693625,-62.295333,15.93,20.444,4.514,14.9792202
OGLE-GD-CEP-0982,1,215.75691,-63.422667,15.343,17.381,2.038,2.1421141
OGLE-GD-CEP-0985,F,217.582875,-64.032306,15.545,17.578,2.033,2.1887634
OGLE-GD-CEP-0986,F,217.612455,-62.122667,11.542,14.793,3.251,12.8659048
OGLE-GD-CEP-0987,F,217.803705,-64.115556,15.277,17.092,1.815,2.3332424
OGLE-GD-CEP-0988,F,217.91688,-61.686472,16.114,-99.99,-99.99,6.9991272
OGLE-GD-CEP-0989,1,218.029035,-63.183972,16.21,18.982,2.772,1.1251814
OGLE-GD-CEP-0990,F,218.341215,-59.869611,16.989,-99.99,-99.99,48.3485584
OGLE-GD-CEP-0991,F,218.66154,-61.3535,16.771,-99.99,-99.99,12.719232
OGLE-GD-CEP-0992,F,218.81658,-59.754639,16.692,-99.99,-99.99,42.1583028
OGLE-GD-CEP-0993,F,219.37629,-63.625222,13.392,15.065,1.673,5.214511
OGLE-GD-CEP-0994,F,219.459495,-61.554667,16.102,19.353,3.251,3.3320157
OGLE-GD-CEP-0995,F,219.719085,-59.747583,16.816,-99.99,-99.99,8.2655702
OGLE-GD-CEP-0996,F,219.968415,-60.561111,11.286,14.935,3.649,6.752827
OGLE-GD-CEP-0997,F,220.07271,-61.985278,15.172,17.475,2.303,2.6849248
OGLE-GD-CEP-0998,1,220.231785,-61.931167,15.923,18.659,2.736,2.333545
OGLE-GD-CEP-0999,F,220.33608,-61.428111,17.241,20.373,3.132,2.8175462
OGLE-GD-CEP-1000,F,221.02263,-61.343194,17.014,21.139,4.125,3.3399442
OGLE-GD-CEP-1001,1,221.168295,-61.987028,14.772,16.676,1.904,1.8167855
OGLE-GD-CEP-1002,F,221.367165,-58.341944,15.478,18.836,3.358,6.4165085
OGLE-GD-CEP-1003,F,221.389455,-58.551778,16.748,-99.99,-99.99,4.3348991
OGLE-GD-CEP-1004,F,221.61591,-59.926917,13.882,19.057,5.175,6.9799044
OGLE-GD-CEP-1005,F,221.74692,-63.031306,14.831,16.706,1.875,2.5520547
OGLE-GD-CEP-1007,F,222.964035,-58.994389,18.156,-99.99,-99.99,41.5963862
OGLE-GD-CEP-1008,1,223.093755,-59.639389,13.5,18.908,5.408,8.0553098
OGLE-GD-CEP-1009,F,223.235295,-59.655778,14.468,19.95,5.482,7.5964984
OGLE-GD-CEP-1010,F,223.35108,-59.683694,13.356,18.324,4.968,12.0091934
OGLE-GD-CEP-1012,F,223.5975,-60.457806,10.695,13.921,3.226,15.9676356
OGLE-GD-CEP-1013,F,224.19804,-59.054056,18.163,-99.99,-99.99,12.2000095
OGLE-GD-CEP-1014,F,225.46791,-60.4635,16.414,19.273,2.859,2.8381252
OGLE-GD-CEP-1015,F,225.54234,-59.007194,14.357,-99.99,-99.99,43.1334559
OGLE-GD-CEP-1017,F,226.48371,-58.17875,16.091,-99.99,-99.99,9.0351231
OGLE-GD-CEP-1018,F,226.565535,-59.69575,12.478,16.595,4.117,42.7452725
OGLE-GD-CEP-1020,F,226.743,-54.846111,17.467,19.854,2.387,18.0982897
OGLE-GD-CEP-1021,F,226.757625,-58.28225,14.599,19.268,4.669,6.6448848
OGLE-GD-CEP-1022,F,227.10408,-56.174194,16.658,19.53,2.872,3.1640406
OGLE-GD-CEP-1023,F,227.18079,-57.27875,17.208,-99.99,-99.99,6.1199575
OGLE-GD-CEP-1025,F,227.48904,-57.123222,16.859,-99.99,-99.99,4.8718633
OGLE-GD-CEP-1026,F,228.268035,-57.596222,16.586,-99.99,-99.99,36.8034443
OGLE-GD-CEP-1027,F,228.831,-57.41775,16.577,-99.99,-99.99,7.0224074
OGLE-GD-CEP-1028,F,228.990375,-57.775917,17.232,-99.99,-99.99,9.610331
OGLE-GD-CEP-1029,1,229.02075,-63.701083,16.055,17.677,1.622,1.1600933
OGLE-GD-CEP-1030,F,229.16133,-59.146333,15.959,20.037,4.078,5.5269885
OGLE-GD-CEP-1031,F,229.39167,-57.34975,17.719,-99.99,-99.99,13.0024505
OGLE-GD-CEP-1032,F,229.644915,-56.454139,17.608,-99.99,-99.99,5.8989245
OGLE-GD-CEP-1033,F,229.684455,-57.968833,17.976,-99.99,-99.99,21.8877771
OGLE-GD-CEP-1034,F,229.74171,-57.890472,18.027,-99.99,-99.99,18.6606192
OGLE-GD-CEP-1035,F,229.772295,-59.783972,14.625,17.646,3.021,8.8068972
OGLE-GD-CEP-1036,F,229.92984,-58.142806,14.884,19.257,4.373,7.0718963
OGLE-GD-CEP-1037,F,229.95084,-55.4115,16.677,20.069,3.392,2.5473429
OGLE-GD-CEP-1039,F,230.46309,-59.900417,14.967,17.129,2.162,3.3722977
OGLE-GD-CEP-1040,F,230.517585,-57.127861,17.866,-99.99,-99.99,34.6126876
OGLE-GD-CEP-1041,F,230.63679,-58.700056,17.025,-99.99,-99.99,4.2871465
OGLE-GD-CEP-1042,F,230.82684,-61.217056,14.655,16.253,1.598,3.2299316
OGLE-GD-CEP-1043,F,230.939085,-57.135194,16.464,-99.99,-99.99,6.3968277
OGLE-GD-CEP-1044,1,231.021,-56.928417,16.46,-99.99,-99.99,3.0307033
OGLE-GD-CEP-1045,F,231.322035,-55.706472,16.409,-99.99,-99.99,6.5418231
OGLE-GD-CEP-1046,F,231.48963,-57.257806,17.407,-99.99,-99.99,14.3304171
OGLE-GD-CEP-1047,F,231.661545,-56.748778,14,18.844,4.844,7.9749218
OGLE-GD-CEP-1048,F,231.748755,-56.571361,16.445,-99.99,-99.99,6.8281488
OGLE-GD-CEP-1049,F,231.84066,-55.570333,14.534,19.772,5.238,6.4768695
OGLE-GD-CEP-1050,1,232.006755,-60.376722,15.014,16.465,1.451,1.5819354
OGLE-GD-CEP-1051,F,232.400085,-58.600972,17.232,20.324,3.092,2.1220665
OGLE-GD-CEP-1052,F,232.57896,-57.10625,11.867,16.292,4.425,27.9606248
OGLE-GD-CEP-1053,F,232.702005,-57.916028,17.416,-99.99,-99.99,3.3157504
OGLE-GD-CEP-1054,F,232.83783,-56.244389,14.613,20.486,5.873,17.1130668
OGLE-GD-CEP-1055,F,232.86,-54.632778,12.61,17.461,4.851,8.3821581
OGLE-GD-CEP-1056,1,232.965375,-59.541278,15.837,17.715,1.878,1.0393383
OGLE-GD-CEP-1057,F,232.968915,-54.914,12.755,17.24,4.485,6.6169488
OGLE-GD-CEP-1058,F,232.971465,-56.297472,15.169,20.867,5.698,6.5661702
OGLE-GD-CEP-1059,1,233.04588,-53.101972,14.792,16.688,1.896,0.5027086
OGLE-GD-CEP-1060,F,233.19717,-58.6495,15.595,18.156,2.561,3.3251569
OGLE-GD-CEP-1061,F,233.285625,-58.497889,14.448,17.74,3.292,13.8951437
OGLE-GD-CEP-1062,F,233.354085,-56.225806,13.239,18.097,4.858,8.7938714
OGLE-GD-CEP-1063,F,233.39475,-55.818333,15.166,-99.99,-99.99,14.8895051
OGLE-GD-CEP-1064,F,233.40909,-56.863361,15.983,-99.99,-99.99,8.3706484
OGLE-GD-CEP-1065,1,233.454255,-58.334028,16.172,19.082,2.91,2.2961854
OGLE-GD-CEP-1066,F,233.479995,-56.553917,16.505,-99.99,-99.99,3.2489112
OGLE-GD-CEP-1067,F,233.54721,-58.99925,15.882,18.307,2.425,2.5249848
OGLE-GD-CEP-1068,F,234.41916,-55.820667,13.125,17.687,4.562,9.0882034
OGLE-GD-CEP-1069,F,234.478245,-56.481333,16.067,-99.99,-99.99,26.7565545
OGLE-GD-CEP-1070,F,234.52125,-58.694389,14.107,16.087,1.98,4.4767335
OGLE-GD-CEP-1071,F,234.84792,-55.453083,16.74,-99.99,-99.99,6.4561177
OGLE-GD-CEP-1072,F,234.981045,-57.80225,16.061,18.993,2.932,3.70085
OGLE-GD-CEP-1074,F,235.168785,-55.129278,17.716,-99.99,-99.99,26.8014315
OGLE-GD-CEP-1076,1,235.358415,-57.492167,15.616,18.301,2.685,2.4770753
OGLE-GD-CEP-1077,F,235.377915,-57.524556,15.058,17.811,2.753,6.586748
OGLE-GD-CEP-1078,F,235.47921,-55.018917,13.126,18.85,5.724,21.5048677
OGLE-GD-CEP-1079,F,235.482915,-55.01925,12.917,18.521,5.604,20.0504068
OGLE-GD-CEP-1080,F,235.70166,-55.527722,16.273,-99.99,-99.99,13.1236456
OGLE-GD-CEP-1081,F,235.76883,-56.728472,15.994,19.944,3.95,10.3006387
OGLE-GD-CEP-1082,F,235.824,-55.002278,17.581,-99.99,-99.99,15.5949627
OGLE-GD-CEP-1083,1,236.00013,-55.220694,13.318,18.084,4.766,6.651489
OGLE-GD-CEP-1084,F,236.11566,-57.445444,15.72,18.521,2.801,4.7327341
OGLE-GD-CEP-1085,F,236.68083,-55.062917,16.884,-99.99,-99.99,46.3182332
OGLE-GD-CEP-1086,F,236.79567,-55.424833,17.507,-99.99,-99.99,18.4642304
OGLE-GD-CEP-1087,F,236.86596,-53.608972,17.161,-99.99,-99.99,31.0819439
OGLE-GD-CEP-1088,F,236.908875,-56.838889,15.414,18.118,2.704,4.4555692
OGLE-GD-CEP-1090,F,237.38142,-54.0195,17.589,-99.99,-99.99,19.6916524
OGLE-GD-CEP-1091,F,237.393795,-56.525028,15.127,17.884,2.757,7.1073792
OGLE-GD-CEP-1092,F,237.424665,-55.612222,15.409,-99.99,-99.99,45.0723931
OGLE-GD-CEP-1093,F,237.62358,-56.542167,15.324,17.933,2.609,4.0025893
OGLE-GD-CEP-1094,F,237.630465,-54.059944,17.503,-99.99,-99.99,26.1084814
OGLE-GD-CEP-1095,F,238.08816,-54.46575,16.626,-99.99,-99.99,36.8226339
OGLE-GD-CEP-1096,F,238.715205,-55.609056,17.546,20.965,3.419,2.1685257
OGLE-GD-CEP-1097,1,238.89966,-56.286222,14.582,16.496,1.914,1.8245594
OGLE-GD-CEP-1098,F,239.104995,-55.881444,15.992,19.126,3.134,3.9573879
